formula,Temperature,Eg (eV)
Al,298.0,1.68
SrS,0.0,1.8
SrS,0.0,6.83
SrS,0.0,7.5
SrS,298.0,4.6
SrS,298.0,4.1
SrS,298.0,4.6
SrS,298.0,4.6
SrS,298.0,3.7
SbB hyp,298.0,0.653
SbB hyp,298.0,1.23
SbB hyp,298.0,2.97
SbB hyp,298.0,0.54
Bi2O3 ht1,298.0,2.0
Bi2O3 ht1,298.0,2.48
ZnS rt,298.0,3.84
ZnS rt,298.0,4.54
ZnS rt,0.0,3.63
ZnS rt,0.0,4.97
ZnS rt,0.0,3.98
ZnS rt,0.0,6.06
ZnS rt,0.0,5.14
ZnS rt,0.0,5.28
ZnS rt,0.0,1.839
ZnS rt,0.0,1.814
ZnS rt,300.0,3.666
ZnS rt,0.0,1.96
ZnS rt,0.0,3.18
ZnS rt,0.0,3.24
ZnS rt,0.0,3.7
ZnS rt,298.0,3.641
ZnS rt,0.0,3.563
ZnS rt,0.0,3.838
ZnS rt,77.0,3.8
ZnS rt,298.0,3.54
ZnS rt,298.0,3.8
ZnS rt,298.0,3.68
ZnS rt,298.0,2.4
ZnS rt,298.0,3.8
ZnS rt,1.5,3.84
ZnS rt,298.0,3.82
ZnS rt,4.2,3.84
ZnS rt,298.0,2.15
ZnS rt,298.0,3.5
ZnS rt,298.0,3.63
ZnS rt,298.0,3.72
ZnS rt,298.0,3.8
ZnS rt,298.0,3.5
ZnS rt,298.0,3.8
ZnS rt,7.0,3.8375
ZnS rt,298.0,3.81
ZnS rt,77.0,3.92
ZnS rt,298.0,3.7
ZnS rt,298.0,3.9
ZnS rt,298.0,3.6
ZnS rt,298.0,1.96
ZnS rt,298.0,2.8
ZnS rt,298.0,3.47
ZnS rt,298.0,4.47
Ba8Ge43 ht1,298.0,0.1
Ga2S3 rt,10.0,3.42
Ga2S3 rt,94.0,3.4
Ga2S3 rt,300.0,3.4
Ga2S3 rt,96.0,3.5
AgGaSe2 tet,4.0,1.82
AgGaSe2 tet,298.0,1.88
AgGaSe2 tet,298.0,1.77
AgGaSe2 tet,2.0,1.83
AgGaSe2 tet,298.0,0.19
InSe 2H2,10.0,1.35
InSe 2H2,298.0,1.3497
InSe 2H2,80.0,1.339
InSe 2H2,80.0,1.285
InSe 2H2,300.0,1.263
InSe 2H2,300.0,1.172
InSe 2H2,300.0,1.23
MnTe hyp,15.0,3.38
MnTe hyp,100.0,3.18
P black,298.0,1.4
P black,298.0,0.3
CdI2 ht,4.2,3.5
CdI2 ht,30.0,4.3
CdI2 ht,30.0,5.24
CdI2 ht,2.0,3.47
Si rt,298.0,1.12
Si rt,298.0,0.448
Si rt,298.0,1.13
Si rt,298.0,1.05
Si rt,298.0,2.66
Si rt,298.0,0.65
Si rt,298.0,1.09
Si rt,298.0,3.0
Si rt,298.0,1.17
Si rt,298.0,2.28
Si rt,298.0,1.78
Si rt,298.0,0.57
Si rt,298.0,0.53
Si rt,298.0,0.59
Si rt,298.0,0.49
Si rt,298.0,2.73
Si rt,298.0,0.68
Si rt,298.0,2.88
Si rt,298.0,4.75
Si rt,298.0,5.0
Si rt,298.0,1.13
Si rt,298.0,4.27
Si rt,298.0,3.31
Si rt,298.0,3.4
Si rt,298.0,1.11
Si rt,298.0,1.07
Si rt,298.0,0.44
Si rt,298.0,3.32
Si rt,298.0,1.25
Si rt,298.0,1.16
Si rt,298.0,0.52
Si rt,298.0,0.56
Si rt,298.0,1.25
Si rt,298.0,1.31
Si rt,298.0,1.31
Si rt,298.0,1.5
Si rt,298.0,1.2
Si rt,298.0,1.17
Si rt,298.0,13.0
Si rt,298.0,1.17
Si rt,298.0,1.12
Si rt,298.0,1.2
Si rt,298.0,1.1
Si rt,298.0,1.1
Si rt,298.0,1.8
Si rt,298.0,2.558
Si rt,298.0,0.634
Si rt,298.0,1.28
Si rt,298.0,3.3
Si rt,298.0,8.7
Si rt,298.0,0.44
Si rt,298.0,1.17
Si rt,298.0,0.7
Si rt,298.0,0.76
Si rt,298.0,0.5
Si rt,298.0,3.273
Si rt,298.0,4.32
Si rt,298.0,0.46
Si rt,298.0,0.34
CdI2 2H,298.0,3.3
Sb rt,298.0,-0.255
RuAl2 rt orth,298.0,0.88
RuAl2 rt orth,298.0,0.2
RuAl2 rt orth,298.0,0.35
RuAl2 rt orth,298.0,1.3
Ge,298.0,0.67
Ge,298.0,0.83
Ge,298.0,0.72
Ge,298.0,0.52
Ge,298.0,0.0
Ge,298.0,0.88
Ge,298.0,0.73
Ge,298.0,0.26
Ge,298.0,0.76
Ge,298.0,0.31
Ge,298.0,2.66
Ge,298.0,2.8
Ge,298.0,5.2
Ge,298.0,3.98
Ge,298.0,0.62
Ge,298.0,0.67
Ge,298.0,1.07
Ge,298.0,0.81
Ge,298.0,1.86
Ge,298.0,2.14
Ge,298.0,0.26
Ge,298.0,0.95
Ge,298.0,0.34
Ge,298.0,0.51
Ge,298.0,0.5
Ge,298.0,0.01
Ge,298.0,0.65
Ge,298.0,0.57
Ge,298.0,0.57
Ge,0.0,0.0
Ge,298.0,0.09
Ge,298.0,-0.084
Ge,298.0,1.16
Ge,298.0,0.038
Ge,298.0,0.48
Bi,298.0,-0.0403
Bi2O3 rt,298.0,2.77
Bi2O3 rt,298.0,2.8
Bi2O3 rt,298.0,2.8
BiO1.5 ht2,298.0,3.01
B rhom1,298.0,1.02
Ca2Si,0.0,1.0
Cr2O3 rhom,298.0,3.0
Cu2O rt,298.0,2.2
Cu2O rt,298.0,1.07
Cu2O rt,4.0,2.172
Cu2O rt,0.0,2.175
Cu2O rt,0.0,0.78
Cu2O rt,298.0,2.06
Cu2O rt,6.0,2.172
Cu2O rt,0.0,2.22
Cu2O rt,0.0,2.17
Cu2O rt,2.0,2.047
Cu2O rt,2.0,2.1722
CuO rt,0.0,1.6
CuO rt,298.0,3.2
CuO rt,0.0,1.6
Sn lt,298.0,-1.3
Sn lt,298.0,-1.53
Sn lt,298.0,-0.16
Sn lt,298.0,-0.41
Sn lt,298.0,1.37
Sn lt,298.0,1.85
Sn lt,298.0,3.65
Sn lt,298.0,0.11
Sn lt,298.0,1.209
Sn lt,298.0,2.055
Sn lt,298.0,2.61
Sn lt,298.0,0.003
FeO ht,0.0,3.4
FeO ht,298.0,2.5
FeO ht,298.0,2.5
Fe2O3 hem,298.0,1.93
Fe2O3 hem,298.0,1.91
Fe2O3 hem,298.0,2.135
Fe2O3 hem,298.0,2.16
FeS2 rt,298.0,0.58
FeSb2,298.0,0.2
FeSb2,290.0,0.13
FeSb2,90.0,0.031
GaS rt,4.2,2.6
GaS rt,298.0,2.55
GaS rt,298.0,1.8
GaS rt,298.0,2.9
GaS rt,298.0,2.5
GaS rt,293.0,2.559
GaS rt,300.0,2.9
GaS rt,298.0,2.62
GaS rt,77.0,2.9
GaS rt,77.0,2.4
GaS rt,300.0,2.53
GeSe2 ht,298.0,2.6
Se rt,298.0,1.0
Se rt,298.0,1.8
Se rt,298.0,1.0
GaSe 2Halpha,4.2,2.109
GaSe 2Halpha,4.2,2.1
GaSe 2Halpha,298.0,2.02
GaSe 2Halpha,10.0,2.132
GaSe 2Halpha,10.0,2.1303
GaSe 2Halpha,4.2,3.41
GaSe 2Halpha,4.2,2.13
GaSe 2Halpha,4.2,3.73
GaSe 2Halpha,4.2,2.14
GaSe 2Halpha,80.0,2.118
GaSe 2Halpha,77.0,2.093
GaSe 2Halpha,298.0,1.95
GaSe 2Halpha,10.0,2.16
GaSe 2Halpha,300.0,2.02
GaSe 2Halpha,80.0,2.09
GaSe 2Halpha,298.0,2.0196
GaSe 2Halpha,298.0,2.01
GaSe 2Halpha,4.2,2.13
GaSe 2Halpha,300.0,2.021
GaSe 2Halpha,300.0,2.001
GaSe 2Halpha,77.0,2.12
GaSe 2Halpha,77.0,2.09
GaSe 2Halpha,298.0,2.0
GaSe 2Halpha,298.0,2.021
GaSe 2Halpha,30.0,2.128
GaSe 2Halpha,77.0,2.0
GaSe 2Halpha,298.0,2.1
GaSe 2Halpha,298.0,2.94
GaSe 2Halpha,298.0,1.9
Ru2Ge3 ht,298.0,0.34
Ge0.5Si0.5,0.0,1.15
Ge0.5Si0.5,6.0,0.99
Ge0.5Si0.5,4.0,1.0
Ge0.5Si0.5,4.0,1.13
Ge0.5Si0.5,0.0,1.248
Ge0.5Si0.5,0.0,1.29
Ge0.5Si0.5,0.0,1.995
Ge0.5Si0.5,0.0,2.016
Ge0.5Si0.5,0.0,0.9
Ge0.5Si0.5,0.0,0.87
Ge0.5Si0.5,0.0,2.418
Ge0.5Si0.5,0.0,2.517
Ge0.5Si0.5,0.0,2.51
Ge0.5Si0.5,0.0,2.578
Ge0.5Si0.5,0.0,2.391
Ge0.5Si0.5,0.0,2.498
Ge0.5Si0.5,0.0,0.965
Ge0.5Si0.5,4.2,1.122
Ge0.5Si0.5,4.2,0.975
Ge0.5Si0.5,4.2,0.918
Ge0.5Si0.5,298.0,0.9
Ge0.5Si0.5,298.0,1.01
In2Se3 ht1,298.0,1.84
InSe rt,298.0,1.266
InSe rt,0.0,1.3507
InSe rt,0.0,2.5622
InSe rt,0.0,2.9
InSe rt,10.0,1.336
InSe rt,298.0,1.54
InSe rt,298.0,1.293
InSe rt,298.0,2.422
InSe rt,10.0,1.351
InSe rt,10.0,1.352
InSe rt,10.0,1.3
InSe rt,1.8,2.562
K2Te,298.0,2.16
K2Te2 ht,298.0,0.67
Te rt,298.0,0.22
Te rt,298.0,0.56
Te rt,298.0,0.3
Te rt,298.0,0.45
Te rt,298.0,5.62
Te rt,298.0,1.77
Te rt,298.0,1.5
Te rt,298.0,1.77
Te rt,298.0,1.62
Te rt,298.0,0.44
Te rt,298.0,0.33
Te rt,298.0,0.59
Te rt,298.0,0.42
Te rt,298.0,0.54
Mg2Si,0.0,1.9
Mg2Si,0.0,2.41
Mg2Si,0.0,2.06
Mg2Si,0.0,0.14
Mg2Si,0.0,0.37
Mg2Si,298.0,0.3
Mg2Si,0.0,2.0
Mg2Si,0.0,0.55
Mg2Si,0.0,0.75
MnTe rt hex,298.0,1.3
MnTe rt hex,0.0,0.3
MnTe rt hex,298.0,3.1
Y2O3 rt,298.0,3.3
Y2O3 rt,298.0,2.0
Ru2Si3 rt,298.0,0.52
ZnTe rt,4.2,2.391
ZnTe rt,298.0,2.2
ZnTe rt,0.0,2.39
ZnTe rt,300.0,2.12
ZnTe rt,1.6,2.3941
ZnTe rt,0.0,0.63
ZnTe rt,298.0,2.27
ZnTe rt,298.0,2.27
ZnTe rt,0.0,2.57
ZnTe rt,0.0,3.95
ZnTe rt,0.0,3.47
ZnTe rt,0.0,3.07
ZnTe rt,0.0,2.4
ZnTe rt,0.0,1.89
ZnTe rt,0.0,1.96
ZnTe rt,0.0,2.23
ZnTe rt,0.0,2.71
ZnTe rt,0.0,1.02
ZnTe rt,0.0,1.61
ZnTe rt,4.2,2.3945
ZnTe rt,298.0,2.394
ZnTe rt,298.0,3.44
ZnTe rt,298.0,3.8
ZnTe rt,0.0,1.952
ZnTe rt,0.0,2.288
ZnTe rt,300.0,2.26
ZnTe rt,298.0,2.26
ZnTe rt,298.0,2.84
ZnTe rt,298.0,2.26
ZnTe rt,298.0,2.52
ZnTe rt,298.0,2.37
ZnTe rt,300.0,2.26
ZnTe rt,298.0,2.24
ZnTe rt,298.0,2.38
ZnTe rt,1.9,2.388
ZnTe rt,298.0,1.27
ZnTe rt,298.0,1.6
ZnTe rt,298.0,2.4
ZnTe rt,300.0,2.269
ZnTe rt,2.0,2.391
ZnTe rt,1.8,2.3941
ZnTe rt,1.9,2.388
ZnTe rt,298.0,2.277
ZnTe rt,298.0,2.18
ZnTe rt,298.0,2.27
ZnTe rt,80.0,2.37
ZnTe rt,298.0,2.27
ZnTe rt,298.0,1.32
ZnTe rt,298.0,2.72
ZnTe rt,298.0,2.27
ZnTe rt,298.0,2.7
ZnTe rt,298.0,2.8
ZnTe rt,298.0,3.0
ZnTe rt,298.0,2.23
ZnTe rt,298.0,1.21
ZnTe rt,298.0,1.22
ZnTe rt,298.0,1.4
ZnTe rt,298.0,2.4
ZnTe rt,298.0,1.01
ZnTe rt,298.0,1.57
ZnTe rt,298.0,2.31
ZnTe rt,298.0,2.76
ZnTe rt,298.0,2.26
LiAl rt,0.0,0.48
LiAl rt,0.0,-0.61
LiAl rt,0.0,0.7
AlSb,298.0,2.23
AlSb,298.0,1.64
AlSb,298.0,2.28
AlSb,298.0,1.993
AlSb,298.0,1.61
AlSb,298.0,2.2
AlSb,298.0,1.704
AlSb,298.0,1.6
AlSb,0.0,1.628
AlSb,0.0,1.17
AlSb,27.0,2.384
AlSb,300.0,2.3
AlSb,27.0,1.686
AlSb,27.0,1.615
AlSb,298.0,1.6
AlSb,300.0,2.3
AlSb,298.0,2.1
AlSb,298.0,1.9
AlSb,298.0,2.28
AlSb,298.0,1.59
AlSb,298.0,2.86
As,298.0,-0.43
GaAs rt,0.0,1.519
GaAs rt,300.0,1.42
GaAs rt,298.0,1.51
GaAs rt,100.0,1.547
GaAs rt,300.0,1.42
GaAs rt,10.0,1.52
GaAs rt,4.0,1.86
GaAs rt,300.0,1.422
GaAs rt,0.0,1.41
GaAs rt,1.8,1.5196
GaAs rt,0.0,1.18
GaAs rt,1.2,1.51935
GaAs rt,300.0,1.4242
GaAs rt,298.0,1.22
GaAs rt,298.0,1.64
GaAs rt,0.0,0.25
GaAs rt,0.0,0.59
GaAs rt,0.0,0.64
GaAs rt,0.0,1.26
GaAs rt,0.0,1.06
GaAs rt,0.0,1.38
GaAs rt,298.0,1.82
GaAs rt,0.0,0.67
GaAs rt,0.0,1.03
GaAs rt,0.0,1.05
GaAs rt,0.0,1.35
GaAs rt,0.0,1.37
GaAs rt,0.0,1.41
GaAs rt,0.0,1.98
GaAs rt,0.0,1.46
GaAs rt,0.0,1.95
GaAs rt,0.0,1.52
GaAs rt,0.0,1.98
GaAs rt,0.0,1.82
GaAs rt,120.0,1.946
GaAs rt,298.0,1.52
GaAs rt,298.0,1.98
GaAs rt,298.0,1.82
GaAs rt,298.0,2.38
GaAs rt,0.0,1.51
GaAs rt,0.0,2.03
GaAs rt,0.0,1.76
GaAs rt,0.0,0.544
GaAs rt,0.0,1.248
GaAs rt,0.0,0.948
GaAs rt,0.0,1.3
GaAs rt,0.0,-3.7
GaAs rt,0.0,1.38
GaAs rt,4.2,1.515
GaAs rt,100.0,1.845
GaAs rt,0.0,1.47
GaAs rt,0.0,2.93
GaAs rt,0.0,4.81
GaAs rt,0.0,2.08
GaAs rt,298.0,1.82
GaAs rt,200.0,1.465
GaAs rt,100.0,1.505
GaAs rt,20.0,1.512
GaAs rt,10.0,1.52
GaAs rt,0.0,1.519
GaAs rt,300.0,1.421
GaAs rt,0.0,1.5362
GaAs rt,0.0,1.698
GaAs rt,0.0,1.58
GaAs rt,0.0,3.04
GaAs rt,0.0,4.83
GaAs rt,0.0,1.03
GaAs rt,0.0,1.28
GaAs rt,0.0,1.56
GaAs rt,0.0,1.59
GaAs rt,0.0,1.43
GaAs rt,300.0,1.43
GaAs rt,300.0,1.93
GaAs rt,300.0,1.87
GaAs rt,300.0,1.71
GaAs rt,300.0,1.439
GaAs rt,300.0,1.739
GaAs rt,300.0,1.939
GaAs rt,0.0,1.58
GaAs rt,0.0,1.93
GaAs rt,0.0,1.05
GaAs rt,0.0,1.37
GaAs rt,0.0,1.51
GaAs rt,0.0,1.76
GaAs rt,0.0,2.74
GaAs rt,0.0,2.95
GaAs rt,0.0,2.86
GaAs rt,0.0,2.36
GaAs rt,0.0,2.06
GaAs rt,0.0,1.91
GaAs rt,298.0,1.86
GaAs rt,0.0,1.68
GaAs rt,0.0,1.83
GaAs rt,0.0,0.23
GaAs rt,0.0,1.01
GaAs rt,0.0,1.81
GaAs rt,0.0,0.81
GaAs rt,298.0,1.36
GaAs rt,0.0,0.99
GaAs rt,0.0,1.43
GaAs rt,0.0,0.95
GaAs rt,0.0,1.06
GaAs rt,0.0,1.519
GaAs rt,0.0,0.81
GaAs rt,0.0,1.059
GaAs rt,0.0,1.29
GaAs rt,0.0,1.69
GaAs rt,0.0,0.15
GaAs rt,0.0,1.36
GaAs rt,0.0,0.79
GaAs rt,0.0,1.519
GaAs rt,0.0,1.62
GaAs rt,0.0,0.93
GaAs rt,0.0,1.64
GaAs rt,0.0,0.485
GaAs rt,0.0,0.614
GaAs rt,0.0,1.043
GaAs rt,298.0,1.7
GaAs rt,298.0,1.9
GaAs rt,273.0,1.427
GaAs rt,273.0,2.884
GaAs rt,0.0,1.5194
GaAs rt,10.0,1.52
GaAs rt,298.0,0.46
GaAs rt,298.0,0.74
GaAs rt,298.0,0.5
GaAs rt,298.0,0.29
GaAs rt,0.0,1.519
GaAs rt,0.0,1.815
GaAs rt,0.0,1.981
GaAs rt,4.2,1.52
GaAs rt,0.0,1.1
GaAs rt,0.0,1.3
GaAs rt,0.0,1.51
GaAs rt,298.0,1.52
GaAs rt,298.0,1.87
GaAs rt,0.0,0.25
GaAs rt,298.0,1.35
GaAs rt,2.0,1.52
GaAs rt,0.0,1.519
GaAs rt,2.0,1.5202
GaAs rt,298.0,1.43
GaAs rt,298.0,1.424
GaAs rt,5.0,1.518
GaAs rt,100.0,1.405
GaAs rt,0.0,1.54
GaAs rt,298.0,1.3
GaAs rt,298.0,1.5
GaAs rt,300.0,1.398
GaAs rt,300.0,1.803
GaAs rt,300.0,1.642
GaAs rt,4.2,1.519
GaAs rt,298.0,0.41
GaAs rt,298.0,1.435
GaAs rt,298.0,1.4
GaAs rt,298.0,1.8
GaAs rt,298.0,2.2
GaAs rt,298.0,1.425
GaAs rt,298.0,1.74
GaAs rt,298.0,1.93
GaAs rt,298.0,1.42
GaAs rt,4.2,1.5196
GaAs rt,4.2,1.864
GaAs rt,298.0,0.31
GaAs rt,300.0,2.2
GaAs rt,4.2,1.5195
GaAs rt,0.0,1.4
GaAs rt,0.0,1.53
GaAs rt,0.0,1.516
GaAs rt,298.0,1.71
GaAs rt,298.0,1.99
GaAs rt,400.0,1.375
GaAs rt,400.0,1.37
GaAs rt,500.0,1.346
GaAs rt,1.6,1.5189
GaAs rt,298.0,0.8
GaAs rt,300.0,1.33
GaAs rt,298.0,1.51
GaAs rt,2.0,1.52
GaAs rt,298.0,1.86
GaAs rt,298.0,3.03
GaAs rt,298.0,3.25
GaAs rt,80.0,1.48
GaAs rt,80.0,4.6
GaAs rt,300.0,1.51
GaAs rt,300.0,1.43
GaAs rt,295.0,1.427
GaAs rt,80.0,1.76
GaAs rt,298.0,1.81
GaAs rt,80.0,1.95
GaAs rt,80.0,2.13
GaAs rt,25.0,1.563
GaAs rt,298.0,1.93
GaAs rt,298.0,1.42
GaAs rt,2.0,0.485
GaAs rt,0.0,1.519
GaAs rt,298.0,1.52
GaAs rt,298.0,1.74
GaAs rt,298.0,1.98
GaAs rt,298.0,0.83
GaAs rt,298.0,1.51
GaAs rt,298.0,1.52
GaAs rt,298.0,1.5
GaAs rt,298.0,1.9
GaAs rt,77.0,1.502
GaAs rt,77.0,1.477
GaAs rt,77.0,1.469
GaAs rt,298.0,1.52
GaAs rt,0.0,1.04
GaAs rt,4.0,1.52
GaAs rt,296.0,0.38
GaAs rt,0.0,1.52
GaAs rt,40.0,1.5155
GaAs rt,298.0,4.42
GaAs rt,0.0,1.511
GaAs rt,298.0,1.626
GaAs rt,298.0,1.741
GaAs rt,298.0,1.856
GaAs rt,298.0,1.971
GaAs rt,298.0,1.5192
GaAs rt,298.0,1.5288
GaAs rt,2.0,1.52
GaAs rt,4.0,1.52
BaO,298.0,2.44
BaO,298.0,2.056
BaO,298.0,3.907
CaO,0.0,6.47
CaO,298.0,7.3
CaO,0.0,6.97
CaO,0.0,7.95
CaO,0.0,4.4
CaO,0.0,3.48
CaO,0.0,7.74
CaO,298.0,2.91
CaO,298.0,6.4
Co3O4,298.0,1.23
Co3O4,298.0,1.51
CuSe rt,298.0,2.14
P red mon,298.0,2.5
P red mon,298.0,3.0
Ga0.67Te ht,298.0,1.4
Ga0.67Te ht,298.0,1.4
Ga0.67Te ht,298.0,3.0
Ga0.67Te ht,298.0,2.8
Ga0.67Te ht,300.0,1.08
Ga0.67Te ht,298.0,1.4
Ga0.67Te ht,300.0,1.04
GaTe,2.0,1.794
GaTe,4.2,1.7958
GaTe,2.0,1.796
La2O3 rt,298.0,3.0
NiO rt,298.0,5.5
NiO rt,298.0,4.0
NiO rt,298.0,5.2
NiO rt,0.0,2.8
NiO rt,298.0,4.0
NiO rt,0.0,3.1
NiO rt,298.0,3.9
NiO rt,298.0,5.5
NiO rt,298.0,4.3
ZrN,298.0,1.7
Si3N4 hex,0.0,5.25
Si3N4 hex,0.0,4.96
Si3N4 hex,0.0,5.6
Si3N4 hex,0.0,4.72
Si3N4 hex,298.0,4.7
Si3N4 hex,0.0,4.2
Si3N4 hex,0.0,4.7
Si3N4 hex,0.0,15.32
Si3N4 hex,0.0,14.67
Os2Si3 rt,298.0,0.89
OsSi2 rt,298.0,0.6
OsSi2 rt,298.0,0.32
OsSi2 rt,298.0,0.06
ZrO2 ht1,0.0,6.08
ZrO2 ht1,298.0,4.03
ZrO2 ht1,0.0,5.95
ZrO2 ht1,298.0,3.93
ZrO2 ht2,0.0,5.87
ZrO2 ht2,298.0,3.67
ZrO2 ht2,0.0,5.53
ZrO2 ht2,298.0,3.22
ZrO2 ht2,298.0,3.0
ZrO2 rt,0.0,6.04
ZrO2 rt,298.0,3.59
ZrO2 rt,0.0,6.05
ZrO2 rt,298.0,3.52
ZrO2 rt,298.0,4.2
PbS rt,0.0,0.3
PbS rt,0.0,0.2
PbS rt,0.0,0.287
PbS rt,298.0,0.35
PbS rt,298.0,0.2
PbS rt,298.0,0.7
PbS rt,298.0,0.4
PbS rt,298.0,0.286
PbS rt,298.0,0.39
PbS rt,298.0,1.0
PbS rt,298.0,0.4
PbS rt,298.0,0.4
SnTe rt,0.0,0.1
SnTe rt,298.0,0.15
SnTe rt,298.0,0.4
SnTe rt,298.0,0.26
SnTe rt,98.0,0.33
SnTe rt,100.0,0.54
Cu2S ht dig,298.0,0.4
Cu2S ht dig,298.0,0.35
Cu2S ht cha,298.0,0.04
Cu2S ht cha,298.0,0.5
Cu2S ht cha,300.0,1.0
Cu2S ht,298.0,0.024
Cu2S ht,298.0,0.58
Cu9S5 dig,300.0,2.3
AlAs,298.0,2.96
AlAs,0.0,2.993
AlAs,298.0,2.88
AlAs,298.0,2.14
AlAs,0.0,1.99
AlAs,0.0,2.17
AlAs,0.0,2.4
AlAs,0.0,3.018
AlAs,0.0,2.168
AlAs,298.0,2.35
AlAs,0.0,2.81
AlAs,0.0,2.21
AlAs,0.0,2.48
AlAs,298.0,2.9
AlAs,298.0,2.24
AlAs,298.0,2.48
AlAs,298.0,2.89
AlAs,0.0,1.91
AlAs,0.0,1.245
AlAs,0.0,2.003
AlAs,0.0,3.26
AlAs,0.0,3.91
AlAs,0.0,4.41
AlAs,0.0,2.09
AlAs,0.0,3.4014
AlAs,0.0,2.2028
AlAs,298.0,2.6389
AlAs,0.0,3.35
AlAs,0.0,4.01
AlAs,0.0,4.48
AlAs,0.0,2.18
AlAs,0.0,2.82
AlAs,0.0,1.56
AlAs,0.0,3.002
AlAs,0.0,3.35
AlAs,0.0,2.18
AlAs,0.0,2.74
AlAs,0.0,1.83
AlAs,0.0,1.85
AlAs,0.0,2.74
AlAs,0.0,3.55
AlAs,0.0,2.02
AlAs,298.0,1.37
AlAs,0.0,2.43
AlAs,0.0,2.81
AlAs,0.0,0.92
AlAs,0.0,1.15
AlAs,0.0,2.75
AlAs,0.0,2.08
AlAs,0.0,1.84
AlAs,0.0,1.32
AlAs,300.0,3.03
AlAs,0.0,1.8
AlAs,0.0,2.003
AlAs,0.0,1.363
AlAs,4.0,3.13
AlAs,300.0,3.03
AlAs,4.0,2.229
AlAs,77.0,2.223
AlAs,300.0,2.153
AlAs,0.0,2.29
AlAs,0.0,1.46
AlAs,0.0,2.2
AlAs,298.0,2.16
AlAs,298.0,2.95
AlAs,298.0,3.13
AlAs,300.0,2.998
AlAs,300.0,2.142
AlAs,300.0,2.313
AlAs,0.0,1.4
AlAs,0.0,2.3
AlAs,298.0,3.023
AlAs,298.0,3.13
AlAs,298.0,2.23
AlAs,298.0,2.36
AlAs,298.0,2.8
AlAs,298.0,2.3
AlAs,298.0,2.75
AlAs,298.0,1.96
AlAs,0.0,2.09
AlAs,2.0,2.238
AlAs,77.0,2.333
AlAs,300.0,2.16
AlAs,2.0,2.238
AlAs,77.0,2.233
AlAs,145.0,2.215
AlAs,300.0,2.16
AlAs,300.0,3.1
AlAs,1.6,2.238
AlAs,298.0,3.0505
AlP,298.0,4.38
AlP,298.0,2.59
AlP,0.0,3.69
AlP,0.0,1.67
AlP,0.0,3.367
AlP,0.0,1.56
AlP,4.0,3.63
AlP,77.0,3.62
AlP,4.0,2.505
AlP,0.0,3.25
AlP,0.0,1.51
AlP,0.0,2.76
AlP,298.0,2.45
AlP,298.0,3.63
AlP,300.0,2.41
AlP,4.0,2.49
AlP,0.0,1.6
AlP,0.0,2.6
AlP,298.0,3.6
AlP,298.0,2.6
AlP,6.0,2.9
AlP,6.0,2.52
AlP,300.0,2.45
Cd3As2 rt,298.0,0.25
Cd3As2 rt,4.0,0.01
Cd3As2 rt,4.0,0.048
Cd3As2 rt,300.0,-0.19
Cd3As2 rt,77.0,-0.11
Cd3As2 rt,300.0,0.3
Cd3As2 rt,77.0,0.27
Cd3As2 rt,4.2,0.11
Cd3As2 rt,4.2,0.27
Cd3As2 rt,300.0,0.19
Cd3As2 rt,,0.11
Cd3As2 rt,298.0,0.2
Cd3As2 rt,,0.11
Cd3As2 rt,298.0,-0.026
Cd3As2 rt,2.0,-0.095
CdAs2,5.0,1.45
CdAs2,300.0,1.29
CdAs2,5.0,1.126
Cd3As2 ht2,0.0,0.1
Cd3As2 ht2,0.0,0.28
Cd3As2 ht2,298.0,0.19
InAs rt,298.0,0.31
InAs rt,298.0,1.43
InAs rt,1170.0,0.0
InAs rt,0.0,0.37
InAs rt,0.0,2.28
InAs rt,0.0,1.29
InAs rt,0.0,0.53
InAs rt,0.0,1.89
InAs rt,298.0,0.35
InAs rt,0.0,0.074
InAs rt,0.0,1.109
InAs rt,298.0,0.36
InAs rt,298.0,0.36
InAs rt,298.0,2.54
InAs rt,298.0,0.7
InAs rt,298.0,0.4
InAs rt,298.0,0.4
InAs rt,298.0,0.5
InAs rt,298.0,1.7
InAs rt,298.0,1.8
InAs rt,0.0,0.42
InAs rt,1.6,0.418
InAs rt,298.0,0.36
InAs rt,298.0,0.4
InAs rt,298.0,1.3
InAs rt,298.0,2.0
InAs rt,298.0,0.4
InAs rt,300.0,0.36
Li3Bi rt,298.0,1.4
Bi2Se3 rt,298.0,0.24
Bi2Se3 rt,298.0,0.34
Bi2Se3 rt,298.0,0.3
Bi2Te3 rt,298.0,0.11
Bi2Te3 rt,298.0,0.024
Bi2Te3 rt,298.0,0.103
Bi2Te3 rt,298.0,0.23
Bi2Te3 rt,298.0,0.27
Bi2Te3 rt,298.0,0.13
Ce2O3 rt,298.0,3.1
CeO2 rt,298.0,3.34
CeO2 rt,298.0,3.26
CeO2 rt,298.0,2.81
CeO2 rt,298.0,3.02
MnCl2 rhom,0.0,4.4
MnCl2 rhom,0.0,6.3
CrN rt,298.0,0.19
CrSi2,298.0,0.45
CrSi2,298.0,0.3
CrSi2,0.0,0.45
CrSi2,0.0,0.3
CrSi2,298.0,0.47
CrSi2,298.0,0.38
CrSi2,298.0,0.302
SiC 2H,0.0,6.66
SiC 2H,0.0,3.68
SiC 2H,0.0,5.07
SiC 2H,0.0,3.23
SiC 2H,298.0,4.04
SiC 2H,0.0,4.86
SiC 2H,0.0,2.05
SiC 2H,0.0,2.72
SiC 2H,0.0,4.426
SiC 2H,0.0,2.001
SiC 2H,0.0,2.452
SiC 2H,298.0,2.48
SiC 2H,298.0,3.33
SiC 2H,298.0,3.13
SiC 2H,298.0,3.68
SiC 2H,298.0,3.33
SiC 2H,298.0,3.5
SiC 2H,298.0,3.17
SiC 2H,298.0,2.11
SiC 2H,4.0,3.33
Ga2O3 ht,298.0,5.02
Ga2O3 ht,298.0,5.02
Ga2O3 ht,298.0,4.9
Ga2O3 ht,298.0,4.85
Ga2O3 ht,298.0,2.13
GaP rt,298.0,2.85
GaP rt,298.0,2.55
GaP rt,0.0,2.83
GaP rt,0.0,2.36
GaP rt,0.0,2.88
GaP rt,0.0,2.16
GaP rt,0.0,2.79
GaP rt,298.0,2.88
GaP rt,298.0,2.34
GaP rt,298.0,2.74
GaP rt,298.0,2.64
GaP rt,0.0,2.88
GaP rt,0.0,2.16
GaP rt,298.0,2.31
GaP rt,300.0,2.78
GaP rt,300.0,2.68
GaP rt,300.0,2.26
GaP rt,300.0,2.78
GaP rt,298.0,2.8
GaP rt,298.0,3.69
GaP rt,298.0,5.36
GaP rt,0.0,1.71
GaP rt,0.0,1.73
GaP rt,100.0,2.86
GaP rt,100.0,2.94
GaP rt,0.0,2.271
GaP rt,0.0,1.379
GaP rt,300.0,2.25
GaP rt,0.0,2.101
GaP rt,0.0,1.679
GaP rt,298.0,2.8
GaP rt,298.0,2.2
GaP rt,1.6,2.87
GaP rt,77.0,2.86
GaP rt,0.0,2.884
GaP rt,0.0,2.745
GaP rt,0.0,2.35
GaP rt,0.0,2.09
GaP rt,0.0,1.62
GaP rt,0.0,1.85
GaP rt,298.0,2.88
GaP rt,298.0,2.34
GaP rt,298.0,2.24
GaP rt,298.0,2.36
GaP rt,298.0,2.27
GaP rt,77.0,2.9
GaP rt,77.0,2.33
GaP rt,298.0,2.26
GaP rt,300.0,2.79
GaP rt,300.0,2.44
GaP rt,300.0,2.26
GaP rt,80.0,2.33
GaP rt,298.0,3.25
GaP rt,298.0,2.27
GaP rt,298.0,2.8
GaP rt,298.0,2.9
GaP rt,1.5,2.3525
GaP rt,0.0,1.7
GaP rt,0.0,2.4
GaP rt,0.0,2.345
GaP rt,25.0,2.884
GaP rt,25.0,2.962
GaP rt,298.0,2.3506
GaP rt,298.0,1.556
GaP rt,298.0,2.162
GaP rt,298.0,2.88
GaP rt,298.0,2.9
GaP rt,298.0,2.3
GaP rt,298.0,2.86
GaP rt,298.0,2.2
GaP rt,298.0,3.59
In2O3,298.0,3.8
In2O3,295.0,3.75
In2O3,298.0,2.619
In2O3,298.0,3.73
In2O3,298.0,3.72
In2O3,298.0,2.63
InP rt,0.0,1.423
InP rt,300.0,1.339
InP rt,298.0,1.44
InP rt,298.0,2.28
InP rt,298.0,0.0
InP rt,298.0,1.35
InP rt,0.0,1.5
InP rt,0.0,2.44
InP rt,0.0,2.19
InP rt,5.0,1.5263
InP rt,298.0,1.42
InP rt,298.0,2.32
InP rt,298.0,2.07
InP rt,298.0,2.84
InP rt,0.0,1.5
InP rt,0.0,2.44
InP rt,0.0,2.16
InP rt,0.0,1.423
InP rt,298.0,1.345
InP rt,0.0,1.1
InP rt,20.0,1.415
InP rt,30.0,1.414
InP rt,30.0,1.522
InP rt,82.0,1.403
InP rt,82.0,1.52
InP rt,296.0,1.357
InP rt,296.0,1.465
InP rt,0.0,1.424
InP rt,298.0,2.05
InP rt,298.0,2.21
InP rt,0.0,1.42
InP rt,0.0,1.94
InP rt,0.0,1.432
InP rt,120.0,1.405
InP rt,120.0,0.67
InP rt,120.0,0.9
InP rt,120.0,1.18
InP rt,0.0,1.23
InP rt,0.0,1.423
InP rt,0.0,1.116
InP rt,0.0,1.737
InP rt,298.0,1.35
InP rt,0.0,1.418
InP rt,0.0,1.91
InP rt,0.0,2.369
InP rt,298.0,1.42
InP rt,298.0,2.43
InP rt,298.0,1.27
InP rt,1.7,1.4206
InP rt,300.0,1.33
InP rt,300.0,1.83
InP rt,300.0,2.21
InP rt,298.0,1.5
InP rt,298.0,1.4
InP rt,6.0,2.06
InP rt,298.0,2.33
InP rt,1.5,1.513
InP rt,300.0,1.272
InP rt,5.0,1.423
InP rt,0.0,1.432
InP rt,1.6,1.423
InP rt,298.0,1.42
InP rt,298.0,1.4
InP rt,298.0,1.5
InP rt,298.0,1.8
InP rt,298.0,1.43
InP rt,297.0,1.34
InP rt,296.0,1.32
InP rt,294.0,0.7
InP rt,294.0,0.4
InP rt,298.0,4.42
InP rt,300.0,1.28
InP rt,300.0,1.28
In2.67S4 ht1,298.0,2.54
In2.67S4 ht1,298.0,1.4
In2.67S4 ht1,298.0,2.54
In2.67S4 ht1,298.0,1.4
In6S7,298.0,0.7
In6S7,298.0,0.718
InS rt,298.0,1.9
InS rt,10.0,2.58
InS rt,93.0,2.57
InS rt,290.0,2.45
InS rt,93.0,2.04
InSb rt,298.0,0.08
InSb rt,298.0,0.76
InSb rt,2.0,0.2353
InSb rt,15.0,0.234
InSb rt,750.0,0.0
InSb rt,0.0,0.25
InSb rt,0.0,1.71
InSb rt,0.0,1.03
InSb rt,0.0,1.91
InSb rt,0.0,0.24
InSb rt,0.0,1.01
InSb rt,0.0,2.65
InSb rt,0.0,0.235
InSb rt,0.0,0.24
InSb rt,300.0,0.176
InSb rt,620.0,0.092
InSb rt,0.0,0.235
InSb rt,5.0,0.2352
InSb rt,7.0,0.2352
InSb rt,0.0,0.043
InSb rt,0.0,0.672
InSb rt,298.0,0.3
InSb rt,298.0,0.8
InSb rt,0.0,0.23
InSb rt,0.0,0.2352
InSb rt,298.0,0.163
InSb rt,4.2,0.23
InSb rt,77.0,0.22
InSb rt,77.0,0.4
InSb rt,298.0,0.1
InSb rt,298.0,0.2
InSb rt,8.0,0.2355
InSb rt,12.0,0.2355
InSb rt,0.0,0.2368
InSb rt,1.8,0.2368
InSb rt,20.0,0.236
InSb rt,4.2,0.2367
InSb rt,5.0,1.983
InSb rt,0.0,0.235
InSb rt,77.0,0.225
InSb rt,298.0,0.25
InSb rt,298.0,0.5
InSb rt,298.0,1.2
InSb rt,8.0,0.235
InSb rt,1.5,0.235
InTe,300.0,1.16
Li12Si7,0.0,0.6
PbO2,298.0,2.94
PbO2,298.0,1.6
PbO ht,298.0,2.66
PbO ht,298.0,2.57
PbO rt,298.0,3.21
PbO rt,298.0,3.23
PbO rt,298.0,1.82
Pr2O3 ht1,298.0,3.2
SnO2 rt,0.0,3.7
SnO2 rt,0.0,4.0
SnO2 rt,300.0,4.7
SnO2 rt,298.0,4.0
SnO2 rt,298.0,3.8
SnO2 rt,298.0,4.5
SnO2 rt,298.0,3.5979
SnO2 rt,298.0,3.6
SnO2 rt,5.0,3.596
SnO2 rt,298.0,1.5
WO3 rt,298.0,2.67
PbSe,4.0,0.1463
PbSe,0.0,0.172
PbSe,298.0,0.3
PbSe,298.0,0.7
PbSe,298.0,0.15
PbSe,298.0,0.16
PbSe,0.0,0.145
PbSe,320.0,0.29
PbSe,80.0,0.19
PbSe,298.0,0.26
Pd,298.0,1.35
PdS,298.0,0.05
RuTe2 ht,298.0,0.39
RuTe2 rt,298.0,0.39
RuTe2 rt,0.0,0.49
Sb2Se3 rt,298.0,1.66
SnSe2 rt,298.0,1.1
SnSe2 rt,298.0,1.2
SnSe2 rt,298.0,1.21
SnSe2 rt,298.0,1.23
Al2O3,0.0,6.29
Al2O3,0.0,6.35
Al2O3,298.0,9.26
Al2O3,298.0,11.2
Al2O3,298.0,7.0
Zn3As2 rt,80.0,9.4e-05
Zn3As2 rt,5.0,1.11
Zn3As2 rt,0.0,1.0
Zn3As2 rt,0.0,0.53
B13C2,0.0,3.116
B13C2,0.0,2.915
B13C2,0.0,3.05
B13C2,0.0,3.17
B13C2,0.0,3.272
B13C2,0.0,2.781
B13C2,0.0,2.804
B13C2,0.0,2.0
B13C2,0.0,3.01
B13C2,0.0,2.915
B13C2,0.0,3.55
B13C2,0.0,3.04
TlBr rt,298.0,2.9
TlBr rt,298.0,2.7
TlBr rt,298.0,0.0
TlBr rt,298.0,2.65
TlBr rt,298.0,1.81
TlBr rt,298.0,3.01
TlBr rt,298.0,3.89
TlBr rt,298.0,4.05
TlBr rt,298.0,4.27
TlBr rt,298.0,4.47
TlBr rt,298.0,2.7
TlBr rt,77.0,3.03
TlBr rt,9.0,3.02
TlBr rt,9.0,2.67
TlBr rt,298.0,3.0
TlBr rt,8.5,2.98
TlBr rt,8.5,2.62
CeH2.65 lt,298.0,1.2
NaCl rt,0.0,10.1
NaCl rt,298.0,8.97
NaCl rt,298.0,6.36
NaCl rt,0.0,6.8
NaCl rt,298.0,8.5
NaCl rt,298.0,9.25
NaCl rt,298.0,8.7
NaCl rt,298.0,4.92
NaCl rt,35.0,7.96
NaCl rt,35.0,8.07
NaCl rt,298.0,8.9
NaCl rt,10.0,8.77
TlCl,298.0,3.4
TlCl,298.0,3.12
TlCl,0.0,2.8
TlCl,0.0,2.2
TlCl,298.0,3.09
TlCl,298.0,2.5
TlCl,298.0,3.4
TlCl,298.0,3.41
TlCl,298.0,4.62
TlCl,298.0,4.92
TlCl,298.0,4.71
TlCl,298.0,5.02
TlCl,298.0,3.1
TlCl,298.0,3.4
TlCl,298.0,3.46
FeS2 ht,0.0,0.52
FeS2 ht,298.0,0.38
FeS2 ht,298.0,1.1
FeS2 ht,298.0,1.18
FeS2 ht,298.0,1.13
FeS2 ht,298.0,0.71
FeS2 ht,298.0,0.9
FeS2 ht,77.0,0.9
FeS2 ht,298.0,0.45
FeSi,298.0,0.046
FeSi,298.0,0.02
FeSi,0.0,0.08
FeSi,0.0,0.083
FeSi,0.0,0.0775
FeSi,298.0,0.082
FeSi,0.0,0.15
FeSi,0.0,0.1
FeSi,298.0,0.14
FeSi,298.0,0.05
FeSi,298.0,0.121
FeSi2,300.0,0.87
FeSi2,0.0,0.8
FeSi2,0.0,0.76
FeSi2,298.0,1.0
FeSi2,10.0,0.89
FeSi2,80.0,0.9
FeSi2,10.0,0.84
FeSi2,80.0,0.83
FeSi2,298.0,1.06
FeSi2,298.0,0.86
FeSi2,298.0,0.93
FeSi2,298.0,0.79
FeSi2,298.0,0.51
FeSi2,298.0,0.58
FeSi2,298.0,0.44
FeSi2,298.0,0.871
FeSi2,298.0,0.84
FeSi2,298.0,0.52
FeSi2,298.0,0.85
FeSi2,298.0,0.52
FeSi2,298.0,0.84
FeSi2,298.0,0.68
FeSi2,298.0,0.85
FeSi2,85.0,0.89
FeSi2,298.0,0.874
FeSi2,298.0,0.86
GaN rt,300.0,3.4
GaN rt,0.0,3.65
GaN rt,0.0,1.2
GaN rt,0.0,3.1
GaN rt,0.0,4.7
GaN rt,0.0,3.5
GaN rt,0.0,6.0
GaN rt,0.0,3.5
GaN rt,0.0,3.46
GaN rt,0.0,3.0
GaN rt,0.0,1.588
GaN rt,0.0,3.749
GaN rt,0.0,4.072
GaN rt,298.0,3.44
GaN rt,298.0,5.31
GaN rt,298.0,5.49
GaN rt,298.0,3.32
GaN rt,2.0,3.5
GaN rt,298.0,3.5
GaN rt,298.0,0.00344
GaN rt,300.0,3.44
GaN rt,298.0,3.0
GaN rt,1.5,3.506
GaN rt,1.5,3.523
GaN rt,1.5,3.497
GaN rt,0.0,3.512
GaN rt,0.0,3.458
GaN rt,298.0,3.51
GaN rt,298.0,3.457
GaN rt,295.0,3.5
GaN rt,298.0,3.68
GaN rt,0.0,3.51
GaN rt,0.0,2.15
GaN rt,300.0,3.437
GaN rt,298.0,3.48
GaN rt,298.0,3.36
GaN rt,298.0,2.14
GaN rt,298.0,2.25
GaN rt,4.2,3.478
GaN rt,298.0,2.94
GaN rt,0.0,3.44
GaN rt,298.0,3.56
GaN rt,298.0,1.63
GaN rt,298.0,3.99
GaN rt,298.0,3.42
GaN rt,0.0,3.01
GaN rt,300.0,3.4
GaN rt,298.0,3.39
GaN rt,298.0,3.65
GaN rt,298.0,6.22
GaN rt,5.0,3.5
GaN rt,5.0,3.3
GaN rt,298.0,2.1
Ga0.67Se ht,298.0,2.0
Ga0.67Se ht,298.0,2.1
Ga0.67Se ht,298.0,3.8
Ga0.67Se ht,298.0,3.9
Ga0.67Se ht,298.0,1.92
GeTe ht,0.0,0.04
GeTe ht,298.0,0.4
GeTe ht,298.0,0.6
HgTe rt,0.0,-0.303
HgTe rt,0.0,-0.99
HgTe rt,0.0,0.54
HgTe rt,0.0,-1.21
HgTe rt,0.0,0.473
HgTe rt,0.0,1.627
HgTe rt,0.0,0.0
HgTe rt,298.0,-0.14
HgTe rt,0.0,-0.14
HgTe rt,0.0,0.02
HgTe rt,298.0,-1.06
HgTe rt,4.0,-0.3
HgTe rt,0.0,-0.303
HgTe rt,8.0,-0.2997
HgTe rt,298.0,-0.84
HgTe rt,298.0,-0.8
HgTe rt,298.0,-0.1
HgTe rt,298.0,-0.28
LaH3 lt1,0.0,0.53
LaH3 lt1,298.0,0.4
NaH rt,298.0,2.1
In2Se3 ht 3R,298.0,1.308
In0.67Te ht,298.0,1.3
In0.67Te ht,298.0,1.4
In0.67Te ht,298.0,2.7
In0.67Te ht,298.0,2.4
In0.67Te ht,300.0,1.01
In0.67Te ht,298.0,1.3
PbI2 rt 2H,298.0,2.5
PbI2 rt 2H,4.2,2.552
PbI2 rt 2H,298.0,2.0
Mg2Pb rt,298.0,-0.01
Mg2Sn,298.0,0.35
Mg2Sn,298.0,0.295
Mg2Sn,298.0,0.3
Mg2Sn,0.0,1.44
Mg2Sn,0.0,-0.07
Mg2Sn,0.0,0.4
Mg2Sn,0.0,0.54
Mg2Sn,0.0,0.71
MnO rt,298.0,4.2
MnO rt,0.0,3.4
MnO rt,298.0,3.59
MnO rt,298.0,3.26
MoSi2 ht,298.0,0.302
NiO ht,298.0,4.5
SiO2 ht cri,298.0,8.0
SiO2 ht cri,298.0,6.79
SiO2 ht cri,298.0,8.51
SiO2 ht cri,298.0,9.1
SiO2 ht cri,298.0,9.8
SiO2 ht4 tri,298.0,6.5
SiO2 ht4 tri,298.0,8.82
SiO2 ht4 tri,298.0,11.15
TiO2 rut,0.0,3.034
TiO2 rut,0.0,3.075
TiO2 rut,6.0,3.03
TiO2 rut,0.0,1.78
TiO2 rut,12.0,4.2
TiO2 rut,0.0,10.0
TiO2 rut,1.6,3.031
TiO2 rut,1.6,3.049
TiO2 rut,298.0,3.25
TiO2 rut,1.6,3.035
TiO2 rut,1.6,3.049
TiO2 rut,0.0,2.0
TiO2 rut,0.0,2.015
TiO2 rut,298.0,2.0
TiO2 rut,30.0,3.034
TiO2 rut,30.0,3.1
TiO2 rut,298.0,10.0
TiO2 rut,298.0,3.03
TiO2 rut,12.0,3.03
TiO2 rut,1.6,3.06
TiO2 rut,4.2,3.01
TiO2 rut,298.0,2.0
TiO2 rut,298.0,2.01
TiO2 rut,298.0,3.45
TiO2 rut,298.0,3.59
TiO2 rut,0.0,2.91
TiO2 rut,298.0,3.05
TiO2 rut,298.0,3.06
TiO2 rut,298.0,2.0
TiO2 rut,298.0,2.0
TiO2 rut,10.0,3.03
TiO2 rut,10.0,3.05
TiO2 rut,298.0,1.85
TiO2 rut,298.0,1.79
ZnO,77.0,3.43
ZnO,298.0,3.4
ZnO,2.0,3.437
ZnO,0.0,5.65
ZnO,298.0,3.54
ZnO,295.0,3.2
ZnO,298.0,3.3
ZnO,298.0,3.3
ZnO,298.0,0.46
ZnO,298.0,0.7442
ZnO,298.0,0.8044
ZnO,298.0,1.9884
ZnO,298.0,2.0112
ZnO,298.0,0.7831
ZnO,298.0,0.7246
ZnO,298.0,3.37
ZnO,298.0,3.23
ZnO,77.0,3.4
ZnO,298.0,3.4
ZnO,298.0,3.26
ZnO,80.0,3.43
ZnO,298.0,3.3
ZnO,77.0,3.44
ZnO,298.0,3.28
ZnO,298.0,3.3
ZnO,298.0,3.2
ZnO,298.0,4.23
ZnO,298.0,3.44
ZnO,298.0,3.77
ZnO,298.0,3.4
ZnO,298.0,3.32
ZnO,298.0,3.36
ZnO,296.0,3.362
ZnO,298.0,3.36
ZnO,298.0,3.5
ZnO,298.0,3.44
ZnO,298.0,0.806
ZnO,298.0,3.55
ZnO,298.0,3.31
ZnO,298.0,3.22
PbTe rt,0.0,0.19
PbTe rt,20.0,0.1933
PbTe rt,0.0,0.19
PbTe rt,298.0,0.2
PbTe rt,298.0,0.7
PbTe rt,298.0,0.025
PbTe rt,298.0,0.7
PbTe rt,298.0,0.19
PbTe rt,298.0,0.19
PbTe rt,298.0,0.19
PbTe rt,298.0,0.19
PbTe rt,7.0,0.186
PbTe rt,10.0,0.3
PbTe rt,10.0,1.2
PbTe rt,10.0,1.8
PbTe rt,2.0,0.19
PbTe rt,0.0,0.186
PbTe rt,298.0,0.2
PbTe rt,82.5,0.217
PbTe rt,313.0,0.335
PbTe rt,313.0,0.41
PbTe rt,298.0,0.34
PbTe rt,298.0,0.28
PbTe rt,298.0,1.44
PbTe rt,298.0,1.42
PbTe rt,298.0,2.66
PbTe rt,298.0,2.44
PbTe rt,298.0,0.187
PbTe rt,0.0,0.19
PbTe rt,0.0,0.36
PbTe rt,300.0,0.32
PbTe rt,295.0,0.29
PbTe rt,298.0,0.28
Rh2S3,298.0,0.09
SnSe rt,295.0,1.238
SnSe rt,295.0,1.047
SnSe rt,120.0,1.31
SnSe rt,295.0,0.898
SnSe rt,295.0,0.903
SnSe rt,120.0,0.956
SnSe rt,0.0,2.1
SnSe rt,298.0,0.9
SnSe rt,298.0,0.89
SnSe rt,298.0,0.874
SnSe rt,298.0,1.22
SnSe rt,298.0,1.13
SnSe rt,0.0,0.95
VSe2 rt,298.0,0.2
VSe2 rt,298.0,0.05
VSe2 rt,298.0,0.77
VSe2 rt,298.0,-0.47
VSe2 rt,298.0,-0.71
Ar ccp,298.0,15.2
Ar ccp,298.0,18.5
Ar ccp,298.0,17.2
Ar ccp,298.0,13.7
Ar ccp,298.0,8.0
Ar ccp,298.0,14.0
Ar ccp,298.0,17.8
BaF2 rt,298.0,7.19
BaF2 rt,298.0,11.3
CaF2 rt,298.0,6.7
CaF2 rt,0.0,10.0
CaF2 rt,0.0,9.8
CaF2 rt,298.0,12.1
CaF2 rt,0.0,10.0
CaF2 rt,0.0,8.2
CaF2 rt,298.0,6.53
CaF2 rt,90.0,12.1
CaF2 rt,0.0,21.0
CdTe rt,973.0,1.1
CdTe rt,298.0,1.48
CdTe rt,298.0,1.5
CdTe rt,295.0,1.517
CdTe rt,80.0,1.585
CdTe rt,12.0,2.53
CdTe rt,0.0,1.602
CdTe rt,2.0,1.606
CdTe rt,2.0,1.606
CdTe rt,0.0,0.44
CdTe rt,0.0,1.597
CdTe rt,0.0,2.547
CdTe rt,0.0,0.29
CdTe rt,0.0,1.76
CdTe rt,0.0,5.14
CdTe rt,0.0,3.57
CdTe rt,0.0,3.46
CdTe rt,0.0,2.84
CdTe rt,0.0,1.602
CdTe rt,0.0,1.63
CdTe rt,0.0,0.51
CdTe rt,298.0,1.56
CdTe rt,15.0,2.533
CdTe rt,298.0,1.59
CdTe rt,298.0,3.7
CdTe rt,0.0,0.47
CdTe rt,0.0,1.6
CdTe rt,4.2,1.6063
CdTe rt,0.0,2.92
CdTe rt,0.0,1.51
CdTe rt,0.0,2.35
CdTe rt,2.0,1.606
CdTe rt,0.0,1.8
CdTe rt,0.0,1.606
CdTe rt,0.0,1.475
CdTe rt,0.0,2.351
CdTe rt,298.0,1.6
CdTe rt,298.0,2.7
CdTe rt,298.0,1.44
CdTe rt,298.0,2.4
CdTe rt,298.0,1.344
CdTe rt,298.0,0.47
CdTe rt,298.0,1.5
CdTe rt,300.0,1.483
CdTe rt,298.0,1.7
CdTe rt,298.0,0.78
CdTe rt,4.0,1.606
CdTe rt,80.0,1.6
CdTe rt,298.0,1.1
CdTe rt,298.0,1.6
CdTe rt,298.0,1.475
CdTe rt,420.0,1.438
CdTe rt,8.0,1.605
CdTe rt,10.0,1.607
CdTe rt,300.0,1.501
CdTe rt,298.0,1.48
CdTe rt,80.0,1.578
CdTe rt,100.0,1.606
CdTe rt,298.0,0.65
CdTe rt,298.0,1.9
CdTe rt,298.0,2.6
CdTe rt,298.0,3.0
CdTe rt,298.0,3.0
CdTe rt,298.0,1.49
CdTe rt,298.0,1.47
CdTe rt,298.0,1.6
CdTe rt,298.0,0.69
CdTe rt,300.0,1.55
CdTe rt,298.0,0.82
CdTe rt,298.0,1.06
CdTe rt,300.0,1.52
CdTe rt,77.0,1.56
CdTe rt,298.0,1.56
CdTe rt,298.0,2.58
CdTe rt,298.0,3.4
CdTe rt,298.0,3.66
CdTe rt,298.0,1.59
CdTe rt,298.0,3.63
CdTe rt,298.0,1.591
CdTe rt,300.0,1.5
CdTe rt,298.0,0.8
CdTe rt,298.0,1.6
CdTe rt,298.0,1.5
GaSb rt,4.5,0.729
GaSb rt,298.0,0.62
GaSb rt,298.0,0.79
GaSb rt,0.0,0.84
GaSb rt,0.0,1.15
GaSb rt,298.0,0.0
GaSb rt,30.0,0.81
GaSb rt,30.0,0.873
GaSb rt,0.0,0.86
GaSb rt,0.0,1.72
GaSb rt,0.0,1.24
GaSb rt,2.0,0.81
GaSb rt,10.0,0.82
GaSb rt,0.0,0.813
GaSb rt,0.0,0.444
GaSb rt,0.0,0.494
GaSb rt,0.0,-0.165
GaSb rt,0.0,0.83
GaSb rt,0.0,0.28
GaSb rt,298.0,0.7
GaSb rt,298.0,0.74
GaSb rt,0.0,0.247
GaSb rt,0.0,0.49
GaSb rt,4.2,0.8114
GaSb rt,27.0,0.808
GaSb rt,300.0,0.725
GaSb rt,27.0,0.871
GaSb rt,27.0,0.761
GaSb rt,298.0,0.67
GaSb rt,300.0,0.725
GaSb rt,298.0,0.721
GaSb rt,298.0,1.02
GaSb rt,298.0,0.811
GaSb rt,300.0,0.72
GaSb rt,300.0,0.8
GaSb rt,298.0,0.8
GaSb rt,0.0,0.81
GaSb rt,0.0,0.81
GaSb rt,77.0,0.801
GaSb rt,77.0,0.79
GaSb rt,77.0,0.767
GaSb rt,77.0,0.792
GaSb rt,77.0,0.771
GaSb rt,77.0,0.727
GaSb rt,80.0,0.79
GaSb rt,80.0,3.7
GaSb rt,300.0,0.727
GaSb rt,0.0,1.6
GaSb rt,0.0,2.19
GaSb rt,0.0,2.63
GaSb rt,290.0,0.733
GaSb rt,298.0,0.86
GaSb rt,298.0,0.8
GaSb rt,298.0,1.4
GaSb rt,298.0,0.85
MgH2,0.0,3.06
CdCl2,77.0,5.82
CdCl2,30.0,6.4
CdCl2,30.0,6.84
Sb2O3 sen,298.0,4.7
[Br2] lt,298.0,1.62
[Br2] lt,298.0,0.18
BaSi2,298.0,1.23
BaSi2,298.0,1.13
MnS2 rt,298.0,0.5
MnS rt,10.0,3.5
Zn3P2 rt,298.0,1.5
Zn3P2 rt,0.0,1.55
Zn3P2 rt,0.0,1.2
Zn3P2 rt,0.0,1.41
Zn3P2 rt,10.0,1.53
Zn3P2 rt,298.0,1.886
Zn3P2 rt,298.0,1.59
Zn3P2 rt,298.0,1.62
ZnP2 rt,3.0,1.602
ZnP2 rt,298.0,1.45
Te0.5Se0.5,298.0,1.0
Te0.5Se0.5,298.0,0.5
Te0.5Se0.5,298.0,1.32
Bi0.88Sb0.12,298.0,0.0175
Bi0.88Sb0.12,298.0,0.02
Bi0.88Sb0.12,4.2,0.0015
HgO orth,298.0,1.16
HgO orth,298.0,1.22
HgO orth,298.0,2.42
HgO orth,298.0,2.38
LaBi,298.0,0.07
CdSe rt hex,298.0,1.74
CdSe rt hex,298.0,1.9
CdSe rt hex,298.0,1.95
CdSe rt hex,298.0,2.3
CdSe rt hex,0.0,1.72
CdSe rt hex,0.0,1.83
CdSe rt hex,0.0,4.37
CdSe rt hex,0.0,1.91
CdSe rt hex,0.0,3.55
CdSe rt hex,0.0,4.63
CdSe rt hex,0.0,4.59
CdSe rt hex,298.0,1.98
CdSe rt hex,0.0,2.0
CdSe rt hex,298.0,1.727
CdSe rt hex,295.0,1.725
CdSe rt hex,100.0,1.791
CdSe rt hex,10.0,1.82
CdSe rt hex,295.0,2.165
CdSe rt hex,0.0,1.623
CdSe rt hex,0.0,3.205
CdSe rt hex,0.0,3.231
CdSe rt hex,298.0,2.0
CdSe rt hex,298.0,1.7
CdSe rt hex,298.0,1.74
CdSe rt hex,298.0,1.73
CdSe rt hex,86.0,1.829
CdSe rt hex,2.0,1.841
CdSe rt hex,2.0,0.0253
CdSe rt hex,300.0,1.738
CdSe rt hex,298.0,1.7
CdSe rt hex,298.0,1.27
CdSe rt hex,298.0,1.8
CdSe rt hex,300.0,1.8
CdSe rt hex,8.0,1.841
CdSe rt hex,298.0,1.83
CdSe rt hex,298.0,1.4
CdSe rt hex,298.0,1.8
Sb2O5 mon,298.0,2.287
Si2Te3 rt,298.0,2.18
Si2Te3 rt,298.0,1.82
Si2Te3 rt,298.0,1.89
GeSe rt,0.0,0.35
GeSe rt,298.0,1.53
GeSe rt,298.0,1.08
GeSe rt,298.0,1.1
GeSe rt,298.0,0.35
GeSe rt,,1.382
GeSe rt,,1.598
GeSe rt,298.0,1.5
GeSe rt,298.0,1.59
GeSe rt,298.0,1.22
GeSe rt,298.0,1.18
InN rt,0.0,-0.04
InN rt,0.0,2.0
InN rt,0.0,2.2
InN rt,0.0,1.3
InN rt,0.0,2.2
InN rt,0.0,1.4
InN rt,298.0,2.04
InN rt,298.0,3.85
InN rt,298.0,4.7
InN rt,298.0,1.9
CoSb3,0.0,0.05
CoSb3,0.0,0.8
CoSb3,0.0,0.57
CoSb3,298.0,0.144
CoSb3,298.0,0.54
CoSb3,298.0,0.16
Ce2.67S4 ht,298.0,3.1
Ru2Ge3 rt,298.0,0.38
AgCl,4.0,3.0
AgCl,4.2,3.3
AgCl,77.0,3.2
AgCl,0.0,5.25
AgCl,0.0,3.48
AgCl,1.8,3.256
AgCl,298.0,3.248
AgCl,298.0,1.0
AgCl,298.0,0.94
AgCl,298.0,2.037
KCl rt,298.0,6.69
KCl rt,298.0,8.18
KCl rt,298.0,6.52
KCl rt,298.0,8.9
KCl rt,10.0,8.7
KCl rt,298.0,8.3
KCl rt,298.0,8.7
KCl rt,298.0,5.98
KCl rt,35.0,7.77
KCl rt,35.0,7.9
Al0.5Ga0.5Sb,27.0,1.75
Al0.5Ga0.5Sb,27.0,2.53
Al0.5Ga0.5Sb,27.0,2.77
Al0.5Ga0.5Sb,27.0,3.21
Al0.5Ga0.5Sb,298.0,1.34
Al0.5Ga0.5Sb,27.0,1.41
Al0.5Ga0.5Sb,298.0,1.39
Al0.5Ga0.5Sb,27.0,1.51
Al0.5Ga0.5Sb,298.0,1.44
Al0.5Ga0.5Sb,298.0,1.44
Al0.5Ga0.5Sb,100.0,1.065
Al0.5Ga0.5Sb,275.0,1.0
MgAl2O4 cub,298.0,5.55
AlN,0.0,4.52
AlN,0.0,4.41
AlN,0.0,5.8
AlN,0.0,6.9
AlN,0.0,7.4
AlN,298.0,4.4
AlN,0.0,6.1
AlN,0.0,14.36
AlN,0.0,3.472
AlN,0.0,4.456
AlN,298.0,6.05
AlN,298.0,6.29
AlN,298.0,6.6
AlN,298.0,6.82
AlN,298.0,6.2
AlN,298.0,3.56
AlN,298.0,5.9
AlN,298.0,6.2
AlN,295.0,5.31
AlN,298.0,6.06
AlN,298.0,3.91
AlN,298.0,5.36
B6As,0.0,2.636
B6As,0.0,2.819
B6As,0.0,2.609
B6As,0.0,3.07
B6As,0.0,2.78
BAs rt,0.0,4.2
BAs rt,298.0,1.206
BAs rt,298.0,1.82
BAs rt,298.0,3.25
BAs rt,298.0,1.22
GaSb0.5As0.5 lt,298.0,0.87
GaSb0.5As0.5 lt,298.0,0.854
GaSb0.5As0.5 lt,298.0,-0.236
InSb0.5As0.5,0.0,0.248
LaAs,298.0,0.43
ZnSe,0.0,2.82
ZnSe,0.0,2.07
ZnSe,0.0,3.8
ZnSe,300.0,2.63
ZnSe,0.0,3.66
ZnSe,0.0,3.96
ZnSe,298.0,3.3
ZnSe,10.0,2.802
ZnSe,4.2,2.822
ZnSe,6.5,2.798
ZnSe,77.0,2.792
ZnSe,6.5,2.782
ZnSe,77.0,2.773
ZnSe,0.0,2.84
ZnSe,0.0,4.95
ZnSe,0.0,4.41
ZnSe,0.0,4.14
ZnSe,0.0,2.84
ZnSe,298.0,2.69
ZnSe,298.0,3.1
ZnSe,115.0,2.8
ZnSe,0.0,2.89
ZnSe,0.0,4.08
ZnSe,0.0,2.07
ZnSe,0.0,3.04
ZnSe,0.0,1.45
ZnSe,0.0,2.63
ZnSe,0.0,2.88
ZnSe,0.0,3.04
ZnSe,0.0,4.25
ZnSe,0.0,1.1
ZnSe,0.0,2.38
ZnSe,6.0,2.821
ZnSe,298.0,2.82
ZnSe,298.0,3.92
ZnSe,298.0,4.54
ZnSe,4.0,2.82
ZnSe,0.0,2.314
ZnSe,0.0,3.198
ZnSe,298.0,2.7
ZnSe,298.0,3.6
ZnSe,4.0,2.8201
ZnSe,298.0,2.58
ZnSe,298.0,1.93
ZnSe,298.0,2.95
ZnSe,298.0,2.711
ZnSe,298.0,2.76
ZnSe,2.0,2.83
ZnSe,298.0,2.688
ZnSe,298.0,3.0
ZnSe,298.0,2.66
ZnSe,298.0,2.67
ZnSe,298.0,2.59
ZnSe,295.0,2.7
ZnSe,298.0,2.82
ZnSe,298.0,1.6
ZnSe,298.0,2.8
ZnSe,298.0,2.711
ZnSe,298.0,2.9
ZnSe,298.0,4.59
ZnSe,298.0,4.75
ZnSe,5.0,2.824
ZnSe,4.2,2.82
ZnSe,77.0,2.81
ZnSe,298.0,2.713
ZnSe,298.0,1.2
ZnSe,298.0,2.7
ZnSe,77.0,2.8
ZnSe,298.0,1.22
ZnSe,298.0,1.39
ZnSe,298.0,2.85
ZnSe,298.0,2.69
ZnSe,298.0,2.9
ZnSe,298.0,2.9
ZnSe,298.0,3.5
ZnSe,298.0,3.9
ZnSe,0.0,2.8
ZnSe,280.0,2.7
ZnSe,298.0,2.74
ZnSe,5.0,2.82
ZnSe,298.0,1.41
ZnSe,0.0,2.827
ZnSe,298.0,1.11
ZnSe,298.0,1.84
ZnSe,298.0,3.07
ZnSe,298.0,3.94
LiCl hp cub1,0.0,9.26
LiCl hp cub1,298.0,9.34
LiCl hp cub1,0.0,9.1
LiCl hp cub1,0.0,9.7
LiCl hp cub1,298.0,10.7
LiCl hp cub1,0.0,8.9
LiCl hp cub1,298.0,10.1
LiCl hp cub1,298.0,9.4
LiCl hp cub1,298.0,9.9
LiCl hp cub1,298.0,5.59
LiCl hp cub1,298.0,10.7
BaS rt,298.0,2.174
BaS rt,298.0,3.925
B2O3 rt,298.0,6.0
B2O3 rt,298.0,6.2
BaB2O4 rt,298.0,5.61
BaB2O4 rt,298.0,5.57
BaB2O4 rt,298.0,5.52
BaB2O4 rt,298.0,5.55
BN cub,0.0,8.8
BN cub,0.0,4.38
BN cub,0.0,8.6
BN cub,0.0,4.2
BN cub,0.0,11.4
BN cub,0.0,11.8
BN cub,0.0,14.6
BN cub,0.0,6.3
BN cub,298.0,6.1
BN cub,0.0,6.38
BN cub,0.0,6.6
BN cub,0.0,6.6
BN cub,0.0,8.7
BN cub,0.0,5.18
BN cub,298.0,8.93
BN cub,298.0,8.92
BN cub,298.0,4.42
BN cub,298.0,10.33
BN cub,298.0,10.29
BN cub,298.0,3.39
BN cub,0.0,8.8
BN cub,0.0,8.0
BN cub,298.0,4.45
BN cub,298.0,5.424
BN cub,298.0,4.35
BN cub,298.0,4.42
BN cub,298.0,4.35
BN cub,8.0,6.36
BN cub,298.0,5.93
BN cub,298.0,5.1
BN cub,298.0,7.2
BN cub,298.0,8.62
BN cub,298.0,8.52
BN cub,298.0,8.21
BN cub,298.0,4.41
BN cub,298.0,4.48
BN cub,298.0,4.3
BN cub,298.0,4.32
BN cub,298.0,4.2
BN cub,298.0,8.5
BN cub,298.0,4.3
BN cub,0.0,8.38
BN cub,298.0,3.96
BN cub,298.0,5.7
BN cub,298.0,5.7
BN cub,298.0,8.8
BN cub,298.0,4.4
BN cub,298.0,8.6
BN cub,298.0,8.5
YbB12,298.0,0.245
YbB12,298.0,0.094
YbB6,300.0,0.5
FeBiO3 rt,298.0,2.09
FeBiO3 rt,298.0,2.5
FeBiO3 rt,298.0,3.0
SnS2 2H,298.0,2.28
SnS2 2H,298.0,2.1
SnS2 2H,298.0,2.0
SnS2 2H,298.0,2.22
SnS2 2H,298.0,2.33
SiO2 rt,0.0,5.91
SiO2 rt,0.0,7.05
SiO2 rt,0.0,5.59
SiO2 rt,298.0,5.59
SiO2 rt,298.0,5.46
SiO2 rt,0.0,8.8
SiO2 rt,0.0,9.5
SiO2 rt,298.0,9.2
SiO2 rt,298.0,9.43
SiO2 rt,0.0,5.8
SiO2 rt,0.0,6.4
SiO2 rt,298.0,5.75
SiO2 rt,298.0,6.16
SiO2 rt,298.0,6.37
SiO2 rt,298.0,8.8
SiO2 rt,298.0,11.0
SiO2 rt,298.0,9.8
SiO2 rt,298.0,9.2
SiO2 rt,0.0,9.8
SiO2 rt,0.0,9.2
SiO2 rt,298.0,9.2
CsBr rt,0.0,4.0
CsBr rt,22.0,6.85
CsBr rt,298.0,7.9
RbBr rt,298.0,5.88
RbBr rt,35.0,6.63
RbBr rt,35.0,7.13
CaCl2 rt,298.0,6.9
MgCl2 rhom,298.0,4.3
MgCl2 rhom,298.0,5.5
MgCl2 rhom,77.0,9.2
Cd0.5Hg0.5Te,298.0,1.12
Cd0.5Hg0.5Te,298.0,2.2
Cd0.5Hg0.5Te,298.0,0.8
Cd0.5Hg0.5Te,0.0,0.082
Cd0.5Hg0.5Te,298.0,0.17
CdS,0.0,2.52
CdS,0.0,2.54
CdS,0.0,4.97
CdS,6.0,2.55
CdS,298.0,2.4
CdS,298.0,2.55
CdS,2.0,2.5831
CdS,0.0,2.79
CdS,0.0,4.54
CdS,0.0,5.5
CdS,0.0,5.55
CdS,298.0,2.58
CdS,0.0,2.45
CdS,293.0,2.426
CdS,200.0,2.53
CdS,100.0,2.545
CdS,33.0,2.551
CdS,298.0,2.377
CdS,0.0,2.526
CdS,0.0,3.974
CdS,0.0,4.019
CdS,298.0,2.4
CdS,298.0,2.38
CdS,298.0,1.77
CdS,298.0,2.6
CdS,298.0,2.42
CdS,4.0,2.582
CdS,298.0,2.5
CdS,298.0,2.46
CdS,80.0,2.573
CdS,15.0,2.524
CdS,300.0,2.42
CdS,5.0,2.583
CdS,77.0,2.578
CdS,77.0,2.593
CdS,77.0,2.653
CdS,2.0,2.5831
CdS,2.0,2.5986
CdS,300.0,2.485
CdS,298.0,2.35
CdS,298.0,2.6
CdS,4.2,2.583
CdS,297.0,2.46
CdS,10.0,2.59
CdS,77.0,2.57
CdS,298.0,2.56
CdS,298.0,2.72
CdS,298.0,2.43
CdS,,2.583
CdS,298.0,2.5
Zn0.5Cd0.5Te ht,298.0,1.01
Zn0.5Cd0.5Te ht,80.0,1.92
Zn0.5Cd0.5Te ht,298.0,1.99
Zn0.5Cd0.5Te ht,300.0,1.81
Zn0.5Cd0.5Te ht,298.0,1.87
Zn0.5Cd0.5Te ht,300.0,1.78
Zn0.5Cd0.5Te ht,298.0,1.85
CeFe4Sb12,298.0,0.66
Ce2Zr2O7,298.0,2.53
CsCl rt,0.0,5.0
CsCl rt,298.0,8.2
CsCl rt,22.0,7.85
CsCl rt,298.0,8.5
CsCl rt,80.0,8.35
CsCl rt,5.0,8.4
RbCl ht,298.0,7.29
RbCl ht,298.0,8.5
RbCl ht,298.0,8.2
RbCl ht,298.0,7.8
RbCl ht,35.0,7.51
RbCl ht,35.0,7.65
SrCl2 rt,298.0,7.5
CoO ht rt,0.0,2.7
CoO ht rt,298.0,2.66
SiC 3C,0.0,1.2
SiC 3C,0.0,2.37
SiC 3C,0.0,6.27
SiC 3C,0.0,1.21
SiC 3C,0.0,5.32
SiC 3C,0.0,5.99
SiC 3C,0.0,2.4
SiC 3C,0.0,2.5
SiC 3C,0.0,6.0
SiC 3C,0.0,7.0
SiC 3C,0.0,2.4
SiC 3C,0.0,3.59
SiC 3C,298.0,2.4
SiC 3C,0.0,6.0
SiC 3C,0.0,2.4
SiC 3C,0.0,3.03
SiC 3C,0.0,4.4
SiC 3C,0.0,6.27
SiC 3C,0.0,1.21
SiC 3C,0.0,1.21
SiC 3C,0.0,6.3
SiC 3C,0.0,1.24
SiC 3C,0.0,5.37
SiC 3C,0.0,5.961
SiC 3C,0.0,1.108
SiC 3C,298.0,1.67
SiC 3C,298.0,2.52
SiC 3C,0.0,3.0
SiC 3C,298.0,5.7
SiC 3C,298.0,2.3
SiC 3C,298.0,2.4
SiC 3C,0.0,2.89
SiC 3C,298.0,3.1
SiC 3C,0.0,1.37
SiC 3C,298.0,2.39
SiC 3C,298.0,5.8
SiC 3C,298.0,6.47
SiC 3C,298.0,2.3
SiC 3C,298.0,6.0
SiC 3C,2.0,2.417
SiC 3C,298.0,2.416
SiC 3C,298.0,3.06
SiC 3C,298.0,2.35
SiC 3C,298.0,2.59
SiC 3C,298.0,2.39
SiC 3C,298.0,6.3
SiC 3C,298.0,2.2
SiC 3C,298.0,6.1
SiC 3C,298.0,2.47
SiC 3C,0.0,3.1
SiC 3C,298.0,1.3
SiC 3C,4.0,2.39
CsI rt,298.0,2.5
CsI rt,298.0,0.0
CsI rt,298.0,2.2
CsI rt,298.0,6.4
CsI rt,300.0,2.8
CsI rt,0.0,3.3
CsI rt,0.0,3.2
CsI rt,298.0,6.2
CsI rt,22.0,5.82
CsI rt,298.0,6.2
CsI rt,300.0,6.2
EuO,298.0,0.987
EuO,0.0,3.5
EuO,0.0,0.07
EuO,0.0,3.18
HgSe rt,0.0,-1.28
HgSe rt,298.0,0.42
HgSe rt,0.0,0.607
HgSe rt,0.0,2.344
HgSe rt,298.0,0.81
HgSe rt,298.0,0.45
HgSe rt,298.0,0.15
HgSe rt,298.0,-0.15
HgSe rt,10.0,-0.268
HgSe rt,20.0,-0.26
HgSe rt,40.0,-0.246
HgSe rt,58.0,-0.227
HgSe rt,80.0,-0.205
HgSe rt,4.2,-0.274
HgSe rt,298.0,-1.19
KF,298.0,11.0
KF,298.0,11.0
KF,298.0,6.26
LiF,298.0,9.66
LiF,0.0,14.1
LiF,298.0,14.53
LiF,298.0,13.6
LiF,298.0,13.6
LiF,298.0,10.6
LiF,298.0,22.0
LiF,298.0,7.65
LiF,298.0,8.4
LiF,298.0,13.9
LiF,298.0,14.2
NaF rt,298.0,7.65
NaF rt,298.0,5.77
NaF rt,298.0,12.2
RbF rt,298.0,8.4
GeTe rt,0.0,0.4
Ge2Sb2Te5,298.0,0.42
Ge2Sb2Te5,298.0,0.39
HfNiSn,298.0,0.39
HfNiSn,298.0,1.16
HfNiSn,298.0,0.48
HgIn2Te4,298.0,0.78
RbI hp1,298.0,5.04
RbI hp1,298.0,6.37
RbI hp1,80.0,6.1
RbI hp1,298.0,6.0
RbI hp1,90.0,6.36
RbI hp1,298.0,4.16
RbI hp1,35.0,5.74
RbI hp1,35.0,6.82
TlI rt,298.0,2.62
TlI rt,298.0,2.42
Li2MgSi,298.0,0.21
MgO,298.0,8.9
MgO,0.0,6.21
MgO,0.0,4.5
MgO,0.0,7.73
MgO,0.0,7.27
MgO,10.0,7.8
MgO,298.0,7.77
MgO,0.0,4.65
MgO,0.0,8.21
MgO,0.0,7.0
MgO,0.0,4.19
MgO,0.0,4.36
MgO,298.0,7.8
MgO,298.0,7.77
MgO,0.0,7.53
MgO,298.0,6.06
MgO,298.0,7.7
MgO,298.0,5.2
MgO,298.0,5.0
MgO,298.0,5.13
SrO rt,10.0,5.4
SrO rt,0.0,7.11
SrO rt,0.0,8.54
SrO rt,298.0,4.26
SrO rt,298.0,3.83
SrO rt,298.0,3.44
ReSe2 rt,298.0,1.17
ReSe2 rt,298.0,1.1
ReSe2 rt,298.0,0.5
Nd2O3 rt,298.0,5.66
PdO rt,298.0,0.1
PdO rt,298.0,0.8
PdO rt,298.0,-0.8
Pb0.875Sn0.125Se,298.0,0.02
TiSe2 rt,298.0,1.17
TiSe2 rt,298.0,1.26
TiSe2 rt,298.0,0.06
TiSe2 rt,298.0,0.19
AgGaS2 tet,2.0,2.727
AgGaS2 tet,298.0,0.95
AgInSe2 rt,13.0,1.222
AgInSe2 rt,100.0,1.229
AgInSe2 rt,200.0,1.227
AgInSe2 rt,300.0,1.216
NdP rt,298.0,1.15
NdP rt,298.0,1.15
YP,298.0,1.0
YP,298.0,1.0
LiAlSi,298.0,0.1
CdO,298.0,6.56
CdO,298.0,6.07
CdO,298.0,0.83
CdO,298.0,1.01
CdO,298.0,2.7
CdO,298.0,3.14
CdO,298.0,1.09
CdO,298.0,2.36
CdO,298.0,1.12
CdO,298.0,1.18
CdO,298.0,1.3
CdO,298.0,1.7
CdO,298.0,0.8
CdO,298.0,2.02
CdSb,298.0,0.6
CdSb,298.0,0.7
CdSb,298.0,0.63
CdSb,298.0,0.49
CoAs3,0.0,0.0
CoAs3,0.0,0.95
CoAs3,0.0,0.73
As2Se3,298.0,1.5
As2Se3,298.0,2.0
As2Se3,0.0,1.47
As2Se3,0.0,1.5
As2Se3,0.0,1.26
As2Se3,0.0,1.29
As2Se3,0.0,1.28
As2Se3,298.0,1.756
As2Se3,274.0,2.0
As2Se3,80.0,2.1
Ga0.5In0.5As m,298.0,0.14
Ga0.5In0.5As m,298.0,0.116
Ga0.5In0.5As m,298.0,0.256
GaSnxAs,0.0,1.49
GaSnxAs,0.0,1.69
GaSnxAs,297.0,1.424
GaSnxAs,297.0,1.708
GaSnxAs,297.0,1.9
CdBr2 6R,77.0,4.77
CdBr2 6R,30.0,5.4
CdBr2 6R,30.0,6.0
BeO rt,298.0,9.25
BeO rt,298.0,11.2
BeO rt,298.0,7.8
BeO rt,298.0,7.54
Bi2S3,298.0,1.38
BiI3 rhom,4.2,2.072
BiI3 rhom,298.0,2.08
BiI3 rhom,2.0,2.0081
BiI3 rhom,4.2,2.011
BiSI,298.0,1.59
BiSeI,298.0,1.28
CsCdBr3,298.0,3.595
NaBr,298.0,4.24
NaBr,35.0,6.72
NaBr,35.0,7.2
NaBr,78.0,7.0255
KBr rt,298.0,6.0
KBr rt,298.0,7.3
KBr rt,0.0,4.9
KBr rt,0.0,4.86
KBr rt,298.0,7.8
KBr rt,298.0,5.76
KBr rt,35.0,6.75
KBr rt,35.0,7.24
KBr rt,10.0,7.55
LiBr rt,298.0,7.6
LiBr rt,298.0,4.94
CaS,0.0,7.6
CaS,298.0,3.2
CdIn2Te4 rt,298.0,1.18
Cd0.3Sn0.7Se,298.0,2.11
Sb2S3,295.0,1.88
Sb2S3,298.0,1.84
Sb2S3,298.0,1.76
Sb2S3,27.0,1.749
Sb2S3,298.0,2.12
Sb2S3,298.0,1.88
CeCl3,298.0,3.7
RuGa2,298.0,1.42
LaCl3,298.0,4.2
CoP3,298.0,0.28
CoP3,298.0,0.07
LaP,298.0,1.46
LaP,298.0,0.56
LaP,298.0,1.46
TiCoSb,298.0,1.83
TiCoSb,298.0,1.06
CuGaS2 rt,298.0,0.91
CuGaS2 rt,298.0,3.59
CuGaS2 rt,298.0,1.25
CuGaS2 rt,298.0,3.01
CuGaS2 rt,298.0,1.73
CuGaS2 rt,298.0,2.16
CuGaS2 rt,298.0,2.68
CuGaS2 rt,298.0,2.53
CuGaS2 rt,298.0,2.5
CuGaS2 rt,300.0,2.5
CuGaS2 rt,300.0,3.01
CuGaS2 rt,2.0,2.53
CuInSe2 rt,298.0,0.985
CuInSe2 rt,298.0,4.53
CuInSe2 rt,298.0,0.98
CuInSe2 rt,298.0,3.77
CuInSe2 rt,298.0,1.52
CuInSe2 rt,298.0,1.77
CuInSe2 rt,298.0,3.74
CuInSe2 rt,298.0,1.96
CuInSe2 rt,298.0,0.95
CuInSe2 rt,300.0,0.96
CuInTe2 rt,290.0,1.06
CuInTe2 rt,300.0,0.942
CuInTe2 rt,300.0,0.995
CuInTe2 rt,70.0,0.96
CuInTe2 rt,300.0,1.0
CuLa2O4 rt,20.0,0.1
CuLa2O4 rt,298.0,1.85
CuLa2O4 rt,298.0,0.1
CuWO4 rt,298.0,2.15
CuWO4 rt,298.0,2.34
Cu4Sn7S16 rt,298.0,0.5
Cu4Sn7S16 rt,298.0,0.36
KI rt,298.0,5.06
KI rt,298.0,6.3
KI rt,80.0,6.2
KI rt,298.0,6.0
KI rt,298.0,6.5
KI rt,298.0,5.07
KI rt,35.0,5.85
KI rt,35.0,7.1
KI rt,10.0,6.31
EuTe hp cub1,298.0,1.13
FeIn2S4,298.0,2.39
FeIn2S4,298.0,1.38
FeIn2S4,298.0,1.68
OsS2,298.0,0.11
HgGa2Se4,298.0,2.15
NaI,298.0,3.3
NaI,298.0,5.3
NaI,298.0,5.7
NaI,35.0,5.6
NaI,35.0,6.72
NaI,78.0,5.8904
SbSI rt,298.0,1.82
SbSI rt,298.0,1.87
SbSI rt,308.0,1.82
SbSI rt,308.0,1.91
SbSI rt,308.0,1.41
SbSI rt,298.0,2.11
LaMnO3 orth,298.0,0.12
LaMnO3 orth,298.0,1.0
La2Zr2O7,298.0,3.52
Li4[SiO4] tricl,298.0,4.98
TiS2,298.0,0.2
TiS2,298.0,0.3
TiS2,298.0,0.3
TiS2,298.0,1.97
TiS2,298.0,1.29
TiS2,298.0,1.33
TiS2,298.0,0.8
TiS2,298.0,0.84
TiS2,298.0,1.02
TiS2,298.0,0.23
TiS2,298.0,0.29
TiS2,298.0,0.45
TiS2,298.0,-0.007
Lu2O3,298.0,3.6
ZnS ht,0.0,3.66
ZnS ht,0.0,5.02
ZnS ht,0.0,4.08
ZnS ht,0.0,5.06
ZnS ht,0.0,5.55
ZnS ht,0.0,3.588
ZnS ht,0.0,4.148
ZnS ht,0.0,4.243
ZnS ht,298.0,3.8
MoSe2 2H,0.0,1.1
MoSe2 2H,0.0,0.35
MoSe2 2H,298.0,1.9
MoSe2 2H,298.0,1.1
MoSe2 2H,12.0,1.165
MoSe2 2H,300.0,1.1
MoSe2 2H,15.0,1.16
MoSe2 2H,298.0,1.42
MoSe2 2H,298.0,0.77
MoSe2 2H,298.0,1.43
Na2SiO3,298.0,6.46
Na2SiO3,298.0,9.98
RuS2,298.0,1.38
RuS2,298.0,0.56
Nd2Zr2O7,298.0,2.67
SmP,298.0,1.1
SmP,298.0,1.1
Si2N2O,298.0,5.97
Si2N2O,298.0,5.2
Sm2Zr2O7,298.0,2.86
SrZrO3 rt orth,298.0,3.72
SrZrO3 rt orth,298.0,3.799
SrZrO3 rt orth,298.0,3.764
SrZrO3 rt orth,298.0,3.767
SrZrO3 rt orth,298.0,3.749
Sn2S3 rt,298.0,2.0
SnS rt,295.0,1.6
SnS rt,295.0,1.296
SnS rt,295.0,1.076
SnS rt,295.0,1.049
SnS rt,0.0,1.1
SnS rt,298.0,1.8
SnS rt,298.0,1.6
SnS rt,298.0,1.1
SnS rt,298.0,1.38
SnS rt,298.0,1.358
SnS rt,100.0,1.344
SnS rt,320.0,1.282
SnS rt,320.0,1.18
SnS rt,100.0,1.279
SnS rt,100.0,1.339
SnS rt,320.0,1.204
SnS rt,298.0,1.33
SnS rt,298.0,1.28
SnS ht2,298.0,1.4
SnS ht2,298.0,0.3
ZrSe2 rt,298.0,1.1
ZrS2,298.0,2.63
ZrS2,298.0,2.73
ZrS2,50.0,2.27
ZrS2,50.0,2.56
ZrS2,50.0,1.78
As2S3 orp,300.0,2.7
As2S3 orp,300.0,1.6
As2S3 orp,298.0,2.7
As2S3 orp,298.0,2.8
As2S3 orp,298.0,2.7
AgBr0.5Cl0.5,298.0,0.598
AgBr0.5Cl0.5,298.0,1.644
CuBr rt,298.0,2.91
CuBr rt,1.6,3.0726
CuBr rt,6.0,3.1
CuBr rt,298.0,0.418
AgBr,4.0,3.0
AgBr,4.2,2.7
AgBr,4.0,2.693
AgBr,1.2,2.6844
AgBr,1.8,2.69
AgBr,298.0,1.0
AgBr,298.0,0.681
AgBr,298.0,1.698
AgI m,298.0,2.22
CuCl rt,298.0,3.0
CuCl rt,298.0,2.7
CuCl rt,298.0,2.0
CuCl rt,0.0,3.09
CuCl rt,0.0,2.0
CuCl rt,298.0,5.1
CuCl rt,298.0,4.3
CuCl rt,298.0,4.3
CuCl rt,298.0,3.17
CuCl rt,298.0,5.39
CuCl rt,298.0,5.64
CuCl rt,4.2,3.42
CuCl rt,298.0,2.8
CuCl rt,298.0,2.4
CuCl rt,4.3,5.19
CuCl rt,4.3,3.4
CuCl rt,6.0,3.4
CuCl rt,1.8,4.66
CuCl rt,298.0,3.18
CuCl rt,298.0,3.24
CuCl rt,298.0,3.6
CuCl rt,298.0,4.4
CuCl rt,0.0,3.2
CuCl rt,298.0,0.509
AgGaTe2,298.0,1.32
AgGaTe2,298.0,1.425
AgGaTe2,90.0,1.357
AgGaTe2,90.0,1.474
Al0.5In0.5Sb,298.0,1.82
Al0.5In0.5Sb,298.0,1.82
Tb4Al2O9 rt,298.0,3.97
Tb4Al2O9 rt,298.0,3.83
CdSe rt cub,0.0,1.78
CdSe rt cub,0.0,1.86
CdSe rt cub,0.0,3.94
CdSe rt cub,0.0,2.01
CdSe rt cub,0.0,4.37
CdSe rt cub,0.0,3.87
CdSe rt cub,295.0,1.661
CdSe rt cub,10.0,1.752
CdSe rt cub,0.0,1.766
CdSe rt cub,295.0,2.082
CdSe rt cub,10.0,2.168
CdSe rt cub,10.0,1.75
CdSe rt cub,300.0,1.67
CdSe rt cub,2.0,1.841
CdSe rt cub,60.0,1.824
CdSe rt cub,298.0,1.704
CdSe rt cub,298.0,1.73
CdSe rt cub,298.0,1.75
CdSe rt cub,298.0,1.711
CdSe rt cub,0.0,1.9
CdSe rt cub,298.0,1.666
CdSe rt cub,298.0,2.056
CdSe rt cub,298.0,4.197
CdSe rt cub,298.0,4.546
CdSe rt cub,0.0,1.577
CdSe rt cub,0.0,3.141
CdSe rt cub,298.0,1.74
CdSe rt cub,298.0,0.8
CdSe rt cub,298.0,1.8
CdSe rt cub,298.0,0.45
CdSe rt cub,298.0,1.76
CdSe rt cub,298.0,0.91
CdSe rt cub,298.0,1.3
GaAs0.5P0.5,298.0,1.99
GaAs0.5P0.5,298.0,1.75
GaAs0.5P0.5,298.0,2.1
GaAs0.5P0.5,298.0,1.41
GaAs0.5P0.5,298.0,1.358
GaAs0.5P0.5,298.0,1.367
GaAs0.5P0.5,298.0,1.87
GaAs0.5P0.5,298.0,1.94
GaAs0.5P0.5,298.0,2.08
GaAs0.5P0.5,298.0,2.08
HgI2 rt,298.0,2.108
HgI2 rt,298.0,2.03
HgI2 ht1,0.0,2.37
HgI2 ht1,0.0,0.52
HgI2 ht1,4.2,2.3707
HgI2 ht1,298.0,0.82
InAs0.5P0.5,298.0,1.05
GeS rt,300.0,2.04
GeS rt,298.0,1.8
GeS rt,0.0,2.144
GeS rt,84.0,2.127
GeS rt,0.0,2.232
GeS rt,84.0,2.216
GeS rt,0.0,1.2
GeS rt,298.0,1.65
GeS rt,77.0,1.737
GeS rt,298.0,1.2
GeS rt,298.0,1.52
GeS rt,298.0,1.7
GeS rt,298.0,1.8
GeS rt,0.0,1.8
GeS rt,4.2,1.74
BaCl2 lt,298.0,7.0
Li3N,4.2,2.2
Li3N,1.8,2.18
Li3N,0.0,1.2
Li3N,0.0,1.0
Li3N,298.0,1.13
Li3N,298.0,2.2
BaTiO3 ht,298.0,0.65
BaTiO3 ht,298.0,0.48
BeF2 rt,298.0,10.7
GdN,298.0,0.2
GdN,298.0,0.43
GdN,298.0,0.98
GdN,298.0,1.31
GdN,298.0,0.91
Ca2Bi2O5 rt,298.0,3.34
Ca4Bi6O13 rt,298.0,2.76
CaBi2O4 rt,298.0,3.08
CuI rt,0.0,6.14
CuI rt,0.0,6.38
CuI rt,0.0,6.59
CuI rt,298.0,1.35
CuI rt,298.0,1.0
CuI rt,6.0,3.1
GeO2 rt,298.0,5.6
LiB3O5,298.0,7.37
LiB3O5,298.0,7.37
SmB6,298.0,0.036
SrB4O7 orth,298.0,11.18
SrB4O7 orth,298.0,9.71
Ca[CrO4] rt,298.0,2.16
Ca[CrO4] rt,298.0,1.98
MoS2 2H,0.0,0.77
MoS2 2H,0.0,1.0
MoS2 2H,0.0,0.25
MoS2 2H,298.0,1.16
MoS2 2H,298.0,0.89
MoS2 2H,77.0,2.0
MoS2 2H,298.0,0.79
MoS2 2H,298.0,0.4
MoS2 2H,298.0,1.75
MoS2 2H,298.0,0.78
MoS2 2H,298.0,0.95
MoS2 2H,0.0,1.2
MoS2 2H,298.0,1.1
MoS2 2H,298.0,1.9
MoS2 2H,298.0,0.5
MoS2 2H,298.0,0.25
CaTiO3 rt,298.0,3.37
CdF2,298.0,2.6
CdF2,298.0,3.42
CdF2,298.0,3.668
CdF2,298.0,8.6
CdF2,298.0,8.0
CdF2,298.0,2.01
CdGa2S4,10.0,3.77
Ga0.67S ht Ga+,298.0,3.4
Ga0.67S ht Ga+,298.0,2.6
Ga0.67S ht Ga+,298.0,4.5
CdIn2S4,298.0,2.7
CdIn2S4,298.0,2.5
CdIn2S4,298.0,2.1
CdIn2S4,298.0,2.67
CdP2 ht,9.0,2.1547
CdP2 ht,9.0,2.1547
Zn0.5Cd0.5Se rt,298.0,1.11
Zn0.5Cd0.5Se rt,80.0,1.92
Zn0.5Cd0.5Se rt,298.0,2.25
Zn0.5Cd0.5Se rt,298.0,2.17
Zn0.5Cd0.5Se ht,298.0,1.94
Zn0.5Cd0.5Se ht,298.0,1.91
Zn0.5Cd0.5Se ht,25.0,2.269
Zn0.5Cd0.5Se ht,293.0,2.185
Zn0.5Cd0.5Se ht,383.0,2.153
CoCl2 rt,0.0,4.2
CoCl2 rt,0.0,6.1
CoCl2 rt,30.0,8.54
FeCl2,0.0,4.3
FeCl2,0.0,6.3
FeCl2,30.0,8.48
NiCl2 rt,300.0,8.72
NiCl2 rt,298.0,8.73
NiCl2 rt,0.0,4.1
NiCl2 rt,0.0,5.9
NiCl2 rt,100.0,4.7
NiCl2 rt,30.0,8.37
CoI2 rt,30.0,6.15
LiCoO2 rt rhom,298.0,1.2
LiCoO2 rt rhom,298.0,1.5
PtS,298.0,0.05
V2O5 rt,298.0,2.2
PbF2 rt cub rt,298.0,2.1
CuInS2 rt,298.0,2.94
CuInS2 rt,298.0,-0.14
CuInS2 rt,298.0,2.1
CuInS2 rt,298.0,0.4
CuInS2 rt,298.0,0.77
CuInS2 rt,298.0,2.03
CuInS2 rt,298.0,1.56
CuInS2 rt,2.0,1.55
LaSb,298.0,0.15
Cu2PbO2,298.0,0.62
SrCu2O2,298.0,1.73
EuS rt,0.0,3.1
GeO2 ht,298.0,5.56
SrF2 rt,298.0,6.3
SrF2 rt,298.0,6.77
Gd2Hf2O7,298.0,3.42
La2Hf2O7,298.0,4.29
HgS rt,298.0,2.18
HgS rt,298.0,2.19
HgS rt,0.0,2.13
HgS rt,2.0,2.275
HgS rt,283.0,2.095
HgS rt,298.0,-0.69
LiI rt,298.0,6.1
LiI rt,298.0,5.8
LiI rt,298.0,3.55
HoVO3,298.0,0.67
Li3Sb rt,0.0,2.2
Li3Sb rt,0.0,0.74
Li3Sb rt,0.0,1.4
Li3Sb rt,0.0,2.1
Li3Sb rt,0.0,1.3
Li3Sb rt,0.0,1.4
Li3Sb rt,0.0,0.18
Li3Sb rt,0.0,0.045
Li3Sb rt,298.0,1.2
In4Sn3O12 ht,298.0,1.1
In4Sn3O12 ht,298.0,3.85
SbSeI,298.0,1.66
SbSeI,298.0,1.67
TlI ht,298.0,1.85
TlI ht,77.0,2.82
TlI ht,298.0,3.0
TlI ht,298.0,2.1
K3V5O14 rt,298.0,2.11
KV3O8,298.0,2.1
VO2 rt mon,298.0,0.7
TiPbO3 rt,298.0,3.23
YVO3 lt2,298.0,0.27
Ag2O cub,0.0,0.4
InI,4.2,2.0222
InI,298.0,1.82
InI,298.0,1.86
CoAl2O4,298.0,2.61
CoAl2O4,298.0,2.65
ScN,298.0,6.7
ScN,298.0,0.8
ScN,298.0,2.6
YN,298.0,1.7
B6P,0.0,2.83
B6P,0.0,2.63
BP rt,0.0,3.45
BP rt,0.0,1.14
BP rt,0.0,3.3
BP rt,0.0,1.2
BP rt,0.0,4.4
BP rt,0.0,6.5
BP rt,0.0,6.5
BP rt,0.0,3.5
BP rt,0.0,2.56
BP rt,0.0,1.11
BP rt,298.0,1.252
BP rt,298.0,1.87
BP rt,298.0,0.0
BP rt,298.0,3.34
BP rt,298.0,1.01
BP rt,298.0,3.4
BP rt,298.0,1.14
V2Bi4O11 rt,298.0,1.85
V2Bi4O11 rt,298.0,2.0
InBr,4.2,2.3425
InBr,4.2,2.13
Ca2[V2O7],298.0,2.88
CrCl2 rt,298.0,0.3
CrCl2 rt,298.0,1.1
CrCl2 rt,298.0,0.8
CrCl2 rt,298.0,0.72
FeI2,30.0,5.95
Cu3N,298.0,0.23
Cu3N,298.0,1.07
HF lt,0.0,12.1
GaSe 2Hbeta,298.0,2.05
Mg2Sn0.7Si0.3,298.0,0.68
ZnSeOx,300.0,2.67
ZnSeOx,4.0,2.819
Bi2Te1.5S1.5,298.0,0.2
Zn3[BO3]2 ht,298.0,2.6
CrFeO3,298.0,3.26
Cu0.5Fe2.5O4 ht,298.0,2.466
Cu0.5Fe2.5O4 ht,298.0,2.148
CuFeS2 rt,298.0,3.1
CuFeS2 rt,298.0,0.7
LaFeO3 rt,298.0,2.4
Fe2NiO4,298.0,2.77
Fe2NiO4,298.0,1.6
Fe2NiO4,298.0,1.64
Fe2NiO4,298.0,1.6
TlGaS2,300.0,2.455
TlGaS2,10.0,2.54
TlGaS2,0.0,2.54
InSe 2H1,0.0,1.3
InSe 2H1,0.0,1.2
TlInS2 rt,300.0,2.27
TlInS2 rt,10.0,2.44
TlInS2 rt,0.0,2.44
MoSeS,298.0,1.57
SrZrO3 ht3,298.0,3.31
Pb0.5Sn0.5Te rt,298.0,0.08
Pb4Sb6S13,298.0,0.9
Pb4Sb6S13,298.0,0.8
Al0.37Ga0.63As,298.0,1.842
Al0.37Ga0.63As,298.0,1.61
Al0.37Ga0.63As,298.0,1.89
Al0.37Ga0.63As,298.0,1.827
Al0.37Ga0.63As,298.0,0.564
Al0.37Ga0.63As,298.0,2.04
Al0.37Ga0.63As,298.0,1.85
Al0.37Ga0.63As,298.0,2.05
Al0.37Ga0.63As,298.0,2.05
Al0.37Ga0.63As,298.0,1.376
Al0.37Ga0.63As,298.0,1.436
Al0.37Ga0.63As,298.0,2.0
Al0.37Ga0.63As,298.0,2.0
Al0.37Ga0.63As,77.0,1.98
Al[PO4] rt,298.0,6.0
Al[PO4] rt,298.0,5.9
B6O,0.0,2.03
B6O,0.0,2.4
NiBr2 lt2,300.0,7.82
NiBr2 lt2,100.0,3.5
NiBr2 lt2,30.0,7.9
Ce0.5Fe0.5O1.75,298.0,3.08
Pb[CrO4] ht1,298.0,2.3
Ta2O5 rt orth8,298.0,4.0
Zn0.93Mn0.07O,298.0,3.28
Zn0.93Mn0.07O,298.0,3.08
ZnSiP2,298.0,1.81
ZnTe0.5Se0.5 tf,298.0,1.26
ZnTe0.5Se0.5 tf,298.0,2.56
ZnTe0.5Se0.5 tf,80.0,2.23
ZnTe0.5Se0.5 tf,298.0,2.15
ZnTe0.5Se0.5 tf,298.0,2.7
ZnTe0.5Se0.5 tf,298.0,2.19
ZnTe0.5Se0.5 tf,298.0,2.58
AgBi3S5,298.0,0.17
TiO2 ana,0.0,2.22
TiO2 ana,0.0,2.04
TiO2 ana,298.0,3.26
CoBr2,30.0,7.82
Cd3P2 tet2,0.0,0.53
Cd3P2 tet2,0.0,0.69
ReS2 tricl,298.0,1.32
ReS2 tricl,298.0,1.17
ReS2 tricl,300.0,1.484
ReS2 tricl,300.0,1.518
ReS2 tricl,298.0,1.35
ReS2 tricl,298.0,1.38
NiI2 rt,0.0,0.6
NiI2 rt,30.0,6.3
NiI2 rt,30.0,6.25
NiI2 rt,100.0,1.8
In2Se3 rt hex,0.0,0.99
In2Se3 rt hex,298.0,1.45
In2Se3 rt hex,298.0,1.45
SmSe,298.0,0.73
KNbO3 ht2,298.0,2.1
Ba2Ag8S7,298.0,1.8
BaSnO3,298.0,0.79
BaSnO3,298.0,3.0
BaSnO3,298.0,2.887
BaSnO3,298.0,2.8
BaSnO3,298.0,2.6
Mo0.01ReS2,300.0,1.485
Mo0.01ReS2,300.0,1.516
Mo0.01ReS2,298.0,1.31
Mo0.01ReS2,298.0,1.33
CdGa2Se4,298.0,2.43
CdGa2Se4,298.0,2.5
CdGa2Se4,298.0,2.43
CdGa2Se4,298.0,2.51
CdGa2Se4,298.0,2.52
CdGa2Se4,298.0,2.44
CdGa2Se4,298.0,2.57
CdGa2Se4,298.0,2.53
CdGa2Se4,298.0,2.39
Cd0.25Ga0.5Se m,298.0,1.96
Cd0.25Ga0.5Se m,298.0,2.05
Cd0.5Mn0.5Se,298.0,2.226
Cd0.5Mn0.5Se,298.0,2.215
Cd0.5Mn0.5Se,298.0,2.229
Cd0.5Mn0.5Se,298.0,2.264
Cd0.5Mn0.5Se,298.0,2.264
Fe2CoO4 rt,298.0,0.6
Fe2CoO4 rt,298.0,0.52
GaSe0.5S0.5,298.0,2.32
LaScO3 rt,298.0,4.61
Sr3P4O13,298.0,4.76
ZnSiAs2 rt,298.0,1.01
ZnSiAs2 rt,298.0,0.89
ZnSiAs2 rt,298.0,2.12
ZnSiAs2 rt,298.0,2.22
ZnSiAs2 rt,298.0,2.47
Be2C,0.0,1.21
Be2C,0.0,1.15
Be2C,298.0,5.0
Ca[WO4],298.0,4.5
Mg0.2Cd0.8Te,298.0,2.43
CuLa2O4 ht,298.0,0.6
LiGaO2,298.0,5.6
NaWO3 ht2,298.0,10.0
SrTiO3 rt,298.0,1.85
SrTiO3 rt,298.0,4.0282
SrTiO3 rt,298.0,4.1623
SrTiO3 rt,298.0,3.6
SrTiO3 rt,120.0,3.66
SrTiO3 rt,298.0,2.16
SrTiO3 rt,298.0,1.79
SrTiO3 rt,298.0,3.2
SrTiO3 rt,298.0,6.2
WSe2 2H,298.0,1.27
WSe2 2H,0.0,1.2
WSe2 2H,0.0,0.4
WSe2 2H,298.0,1.44
WSe2 2H,298.0,1.29
WSe2 2H,298.0,1.2
WSe2 2H,298.0,1.4
WSe2 2H,298.0,1.05
WSe2 2H,298.0,1.25
WSe2 2H,298.0,1.48
TlSb5S8,298.0,1.5
HgS ht1,0.0,1.539
HgS ht1,0.0,3.254
HgS ht1,298.0,-0.15
CdTe0.5Se0.5,298.0,1.664
CdTe0.5Se0.5,298.0,1.81
CdTe0.5Se0.5,298.0,1.69
CdTe0.7Se0.3 rt tf,298.0,2.5
CdTe0.7Se0.3 rt tf,298.0,1.42
CdTe0.7Se0.3 rt tf,298.0,0.79
CdTe0.7Se0.3 rt tf,300.0,1.42
CdTe0.7Se0.3 rt tf,298.0,1.62
CdTe0.7Se0.3 rt tf,80.0,1.48
CdTe0.7Se0.3 rt tf,298.0,1.42
CdTe0.7Se0.3 rt tf,300.0,1.36
CdTe0.7Se0.3 rt tf,298.0,1.403
CdTe0.7Se0.3 rt tf,298.0,1.59
CdTe0.7Se0.3 rt tf,298.0,1.5
Ce3Te4,298.0,1.06
KMgF3,298.0,6.95
KMgF3,298.0,7.24
Mn0.5Ge0.5Te,298.0,0.25
Na3AlH6 rt,298.0,2.5
NaAlH4 rt,298.0,4.8
CaSe rt,298.0,8.56
CaSe rt,298.0,9.16
CaSe rt,298.0,9.61
CaSe rt,298.0,3.81
MgS,0.0,8.4
MgS,0.0,6.48
MgS,298.0,3.52
MgS,298.0,2.56
MgS,298.0,4.59
Th3As4,298.0,0.28
Th3As4,298.0,0.44
Th3As4,298.0,0.05
CsAu rt,0.0,8.3
CsAu rt,0.0,1.3
CsAu rt,0.0,1.43
CsAu rt,0.0,0.84
CsAu rt,0.0,1.22
CsAu rt,298.0,2.6
RbAu,0.0,0.7
B rhom2,298.0,1.78
B rhom2,298.0,1.427
BaSe rt,298.0,1.8
BaTe rt,298.0,1.5
BaTe rt,298.0,2.6
BaTe rt,0.0,0.55
Cs3Bi,298.0,0.82
K3Bi ht,298.0,0.57
Rb3Bi rt cub,298.0,0.57
Cs1.5Sb0.5,298.0,0.76
Cs1.5Sb0.5,0.0,1.02
Cs1.5Sb0.5,0.0,1.03
Cs1.5Sb0.5,0.0,0.62
Cs1.5Sb0.5,298.0,2.3
Cs1.5Sb0.5,298.0,0.87
GaSe 3R,4.2,2.089
YH3 rt,298.0,0.8
YH3 rt,298.0,0.75
IrSb3,0.0,0.0
IrSb3,0.0,1.21
IrSb3,0.0,0.71
NbTe2 rt,298.0,1.43
PdP2,298.0,1.11
PdP2,298.0,0.99
Th3P4 rt,298.0,0.17
Th3P4 rt,298.0,0.4
Th3P4 rt,295.0,0.4
Th3P4 rt,298.0,0.007
RuSe2,298.0,0.76
WS2 2H,298.0,0.91
WS2 2H,77.0,1.42
WS2 2H,300.0,1.3
WS2 2H,298.0,1.95
ZrS3,8.0,2.165
ZrS3,8.0,2.062
ZrS3,8.0,2.091
ZrS3,298.0,2.8
ZrS3,2.0,2.573
ZrS3,2.0,2.055
ZrS3,8.0,2.0517
ZrS3,8.0,2.067
SrSe,298.0,7.92
SrSe,298.0,7.66
SrSe,298.0,3.71
SrTe rt,300.0,2.9
CsH rt,298.0,2.15
Ir3Si5,298.0,1.14
C dia,298.0,5.4
C dia,298.0,3.466
C dia,298.0,13.9
C dia,298.0,4.3
C dia,298.0,5.5
C dia,298.0,5.84
C dia,298.0,14.0
C dia,298.0,7.87
C dia,298.0,6.22
C dia,298.0,5.47
C dia,298.0,4.01
C dia,298.0,5.67
C dia,298.0,5.43
C dia,298.0,5.43
C dia,298.0,5.3
C dia,298.0,5.46
C dia,298.0,5.57
C dia,298.0,4.502
C dia,298.0,7.7
C dia,298.0,14.6
C dia,298.0,7.6
C dia,298.0,5.6
CoSb2.99Te0.01,298.0,0.111
CuGaSe2 rt,298.0,3.25
CuGaSe2 rt,298.0,0.48
CuGaSe2 rt,298.0,2.06
CuGaSe2 rt,298.0,1.06
CuGaSe2 rt,298.0,1.62
CuGaSe2 rt,298.0,2.11
CuGaSe2 rt,298.0,1.48
CuGaSe2 rt,298.0,1.66
CuGaSe2 rt,298.0,2.34
CuGaSe2 rt,300.0,1.664
CuGaSe2 rt,300.0,1.91
CuGaSe2 rt,300.0,2.3
CuGaSe2 rt,298.0,1.62
Cu2GeSe3 rt,0.0,0.792
EuSe rt,0.0,3.0
LiEuH3,298.0,4.16
AgInS2 rt,298.0,1.87
AgInS2 rt,298.0,2.01
AgInS2 rt,10.0,1.98
AgTlTe2 tet,298.0,0.6
AgAlS2,298.0,1.98
MgTe hex,298.0,2.31
MgTe hex,298.0,3.0
MgTe hex,298.0,2.73
MgTe rt tf,298.0,2.27
MgTe rt tf,298.0,2.61
Zn0.6Mn0.4Se,298.0,2.664
Zn0.5Mn0.5Se,298.0,0.68
Si3N4 stab,0.0,4.67
Si3N4 stab,0.0,4.63
Si3N4 stab,0.0,5.1
Si3N4 stab,0.0,4.7
Si3N4 stab,0.0,4.6
ZnSnP2 rt,298.0,0.61
WSi2 tf,298.0,-0.03
Ge3N4 ht,298.0,2.17
Cd0.5Hg0.5Se,30.0,0.2
Cd0.5Hg0.5Se,125.0,0.249
Cd0.5Hg0.5Se,200.0,0.289
Cd0.5Hg0.5Se,12.6,0.7725
Cd0.5Hg0.5Se,100.0,0.7895
Cd0.5Hg0.5Se,200.0,0.7915
CdIn2Se4 1T,298.0,1.7
Cd0.5Mn0.5S,298.0,3.01
CdSnP2,298.0,1.17
CdSnP2,298.0,0.03
CdSnP2,298.0,1.17
CdSnP2,298.0,1.14
ZnAl2S4 rt,289.0,3.739
ZnAl2S4 rt,298.0,3.5
ZnAl2S4 rt,10.0,4.14
ZnAl2S4 rt,10.0,3.96
FeAs0.5S1.5,298.0,0.95
As2Se2.29S0.71,298.0,1.802
BN hp2,0.0,8.0
BN hp2,0.0,5.81
BN hp2,298.0,8.52
BN hp2,298.0,8.5
BN hp2,298.0,5.44
BN hp2,298.0,6.67
BN hp2,298.0,6.72
BN hp2,298.0,6.76
BN hp2,298.0,5.01
BN hex,298.0,6.1
BN hex,298.0,5.5
BN hex,298.0,4.3
BN hex,298.0,5.95
BN hex,298.0,3.9
BN hex,300.0,5.2
BN hex,0.0,4.3
BN hex,0.0,3.9
BN hex,298.0,5.9
BN hex,298.0,4.3
BN hex,298.0,3.9
BN hex,0.0,4.2
BN hex,0.0,4.6
BN hex,0.0,4.5
BN hex,0.0,4.07
BN hex,298.0,4.03
BN hex,8.0,5.96
BN hex,298.0,14.5
BN hex,298.0,4.21
TlBiS2,90.0,0.35
TlBiS2,298.0,0.42
CsBiS2 mon,298.0,1.43
CaMg2Bi2,298.0,0.7
LiBaH3,298.0,3.93
KBi3S5 rt,298.0,1.21
InBiSe3 rhom,296.0,1.84
InBiSe3 rhom,298.0,1.5
InBiSe3 rhom,298.0,0.5
InBiSe3 rhom,298.0,1.19
RuSb2,298.0,0.79
RuSb2,298.0,0.26
LaGaS3 mon,298.0,2.0
GaSb0.1P0.9,298.0,1.57
GaSb0.1P0.9,298.0,1.57
TlGaSe2 rt,298.0,2.08
TlGaSe2 rt,298.0,1.93
ZnGeP2 rt,298.0,1.19
ZnGeP2 rt,298.0,1.07
LiSrH3,298.0,3.54
Hg0.65Mn0.35Te rt,298.0,0.19
Hg0.65Mn0.35Te rt,298.0,0.13
Tl2Hg3S4,298.0,2.22
Tl2Hg3Se4,298.0,1.56
Tl2Hg3Te4,298.0,0.57
BN rhom,298.0,5.5
BN rhom,298.0,4.8
CdFe2O4,298.0,2.0
CdFe2O4,298.0,1.824
CdFe2O4,298.0,1.97
TiNiSn cub,298.0,0.45
TiNiSn cub,298.0,0.45
TiNiSn cub,298.0,1.2
TiNiSn cub,298.0,0.51
TiNiSn cub,298.0,0.4
BaCu2S2 rt orth rt,298.0,0.97
ZrNiSn,298.0,1.05
ZrNiSn,298.0,0.51
MnIn2Te4 rt,298.0,1.34
TlInSe2,298.0,0.976
TlInSe2,298.0,0.899
Tl3InSe4,298.0,1.2
ZnIn2Te4,300.0,1.87
ZnIn2Te4,85.0,1.9
ZnIn2Te4,300.0,1.4
ZnIn2Te4,85.0,1.52
Ba2Cu3YO7 rt,298.0,0.91
Ba2Cu3YO7 rt,298.0,0.74
Ba2Cu3YO7 rt,298.0,1.93
Ba2Cu3YO7 rt,298.0,1.09
La2SO2,298.0,3.4
CuAlS2,298.0,3.42
CuAlS2,298.0,2.05
CuAlS2,298.0,3.61
CuAlS2,298.0,2.29
CuAlS2,298.0,2.72
CuAlS2,298.0,2.75
CuAlS2,298.0,3.37
Li4[SiO4] rt,298.0,5.24
Li2Zn2[MoO4]3,298.0,3.34
CdS m orth,0.0,2.38
CdS m orth,0.0,4.58
CdS m orth,298.0,1.52
BaTiO3 rt tet,298.0,2.96
BaTiO3 rt tet,298.0,1.02
BaTiO3 rt tet,298.0,0.61
CaSnO3,298.0,2.4
CaSnO3,298.0,1.95
CaSnO3,298.0,2.92
Sr0.14Ca0.86CuO2,298.0,1.21
Sr0.14Ca0.86CuO2,298.0,1.07
Sr0.14Ca0.86CuO2,298.0,0.4
Na2Si2O5 orth1,298.0,7.22
Na2Si2O5 orth1,298.0,8.98
SrFeO3 ht,298.0,6.35
CaCuO2 ht-hp1,298.0,1.21
CaCuO2 ht-hp1,298.0,1.07
LiFe[PO4] rt,298.0,0.53
Pr2SO2,298.0,3.8
CuBiP2Se6 rt,298.0,0.66
CuBiP2Se6 rt,298.0,0.66
SrTiO3 lt,298.0,4.0304
SrTiO3 lt,298.0,4.1635
SrTiO3 lt,298.0,3.14
MnIn2S4 rt,298.0,1.94
MnIn2S4 rt,298.0,1.33
MnIn2S4 rt,298.0,2.22
MnIn2S4 rt,298.0,1.71
MnIn2S4 rt,298.0,1.88
MnIn2S4 rt,78.0,1.94
TiO2 bro,0.0,2.2
Pb3Bi[PO4]3,298.0,3.56
NaVWO6,298.0,2.24
Sr2CuWO6 rt,298.0,2.6
Sr2CuWO6 rt,298.0,2.4
Sr2CuWO6 rt,298.0,2.33
Sr2CuWO6 rt,298.0,2.21
K2ZnCl4 rt,298.0,4.55
K2ZnCl4 rt,298.0,4.66
LaGaS3 orth,298.0,2.3
Cu2ZnSnSe4 rt,298.0,0.96
ZnAl2O4,298.0,4.28
Ba2Zn[VO4]2,298.0,3.48
CuAlSe2,298.0,3.21
CuAlSe2,298.0,1.65
CuAlSe2,298.0,2.86
CuAlSe2,298.0,1.95
CuAlSe2,298.0,2.41
CuAlSe2,298.0,2.45
CuAlSe2,298.0,2.56
CaLa2B10O19,298.0,4.45
Ag0.25Cd0.5Ga0.25Se,293.0,1.51
TcS2,298.0,0.7
PrH2.7,298.0,2.1
UPtSn cub,298.0,0.21
ThRhSb,298.0,0.71
MgIn2S4,298.0,2.5
MgIn2S4,298.0,1.9
AgAlSe2,298.0,1.59
AgAlTe2,298.0,1.36
ZnAl2Se4 rt,289.0,3.312
CdAl2S4,289.0,3.398
CdAl2Se4,298.0,2.05
CdAl2Se4,298.0,2.25
CdAl2Se4,289.0,2.965
CdSnAs2 rt,298.0,-0.72
CdSiP2,298.0,1.16
ThFe4P12,298.0,0.45
ZnSe0.5S0.5,298.0,3.2
CuAl0.5In0.5Se2,298.0,1.24
CuAl0.5In0.5Se2,298.0,1.46
HfS2,298.0,2.88
HfS2,298.0,3.07
HfS2,50.0,2.6
HfS2,50.0,2.13
HfS2,298.0,2.7
HfS2,298.0,0.62
HfS2,298.0,3.6
HfS2,298.0,2.85
Mg0.15Zn0.85O,298.0,0.4
Mg0.15Zn0.85O,298.0,4.0
Mg0.15Zn0.85O,298.0,3.6
Mg0.15Zn0.85O,298.0,3.6
Mg0.15Zn0.85O,298.0,3.52
Mg0.15Zn0.85O,298.0,3.92
Ag0.5Cu0.5I rt,260.0,2.85
Ag0.5Cu0.5I rt,260.0,2.86
Pb2B5BrO9,298.0,3.5449
Pb2B5BrO9,298.0,3.5439
Pb2B5ClO9,298.0,3.723
Pb2B5ClO9,298.0,3.6853
Gd2SO2,298.0,2.85
Gd2SO2,298.0,4.6
Gd2SO2,298.0,4.6
Ge2N2O,298.0,3.78
SiO2 cri m,298.0,5.68
SiO2 cri m,298.0,9.44
NaBi[WO4]2 rt,298.0,3.3
NaBi[WO4]2 rt,298.0,3.0
NaBi[WO4]2 rt,298.0,3.1
Ba2Cu3YO6F ht,298.0,0.04
Ba2Cu3YO6F ht,298.0,0.08
Ba2Cu3YO6F ht,298.0,1.34
Ba2Cu3YO6F ht,298.0,0.86
Ba2Cu3YO6F ht,298.0,0.96
Ba2Cu3YO6F ht,298.0,0.39
Ba2Cu3YO6F ht,298.0,1.27
Ba2Cu3YO6F ht,298.0,0.33
Ba2Cu3YO6F ht,298.0,0.83
Ba2Cu3YO6F ht,298.0,0.31
Ba2Cu3YO6F ht,298.0,0.58
Ba2Cu3YO6F ht,298.0,1.5
Ba2Cu3YO6F ht,298.0,-0.32
SiC 6H,0.0,5.49
SiC 6H,0.0,3.09
SiC 6H,298.0,3.05
SiC 6H,0.0,5.18
SiC 6H,0.0,1.98
SiC 6H,0.0,3.41
SiC 6H,298.0,2.05
SiC 6H,298.0,2.9
SiC 6H,298.0,3.0
SiC 6H,298.0,6.95
SiC 6H,2.0,2.95
SiC 6H,298.0,3.25
SiC 6H,298.0,3.023
SiC 6H,0.0,3.08
SiC 6H,0.0,1.98
SiC 6H,298.0,1.97
SiC 6H,4.0,3.02
NaTaO3 rt,298.0,2.1
KTi[PO4]O rt,298.0,4.9
Sr[CO3] rt,298.0,3.17
MnPtSb,298.0,0.0
MnPtSb,298.0,0.91
MnPtSb,298.0,1.38
Ga0.5In0.5P cub,298.0,1.92
Ga0.5In0.5P cub,298.0,2.15
Ga0.5In0.5P cub,298.0,2.07
Ga0.5In0.5P cub,298.0,0.73
Ga0.5In0.5P cub,0.0,1.947
Ga0.5In0.5P cub,0.0,1.966
Ga0.5In0.5P cub,0.0,1.863
Ga0.5In0.5P cub,2.0,1.974
Ga0.5In0.5P cub,2.0,2.254
Ga0.5In0.5P cub,298.0,2.25
Ga0.5In0.5P cub,298.0,2.25
Ga0.5In0.5P cub,298.0,1.51
Ga0.5In0.5P cub,298.0,1.28
Ga0.5In0.5P cub,298.0,2.042
Ga0.5In0.5P cub,298.0,3.306
Ga0.5In0.5P cub,298.0,2.145
Ga0.5In0.5P cub,298.0,3.52
AgGaSeS,298.0,2.19
Ca0.5Pb0.5S,298.0,1.5
Sr0.5Pb0.5S tf,298.0,1.9
MnO lt,298.0,3.73
MnO lt,298.0,3.7
MnO lt,298.0,4.5
Sr0.6CuLa1.4O4,298.0,0.3
Cd0.4Hg0.6Ga2Se4,298.0,2.23
CdCoxGa2Se4,298.0,2.29
HgCoxGa2Se4,298.0,1.97
Cd0.4Hg0.6CoxGa2Se4,298.0,2.07
Ba0.5Sr0.5TiO3 ht,298.0,3.45
CeRhSb orth,298.0,0.013
Cu0.5Cd0.5Fe2O4,298.0,2.354
Cu0.5Cd0.5Fe2O4,298.0,2.069
CaCu3Ti4O12,298.0,0.24
CaCu3Ti4O12,298.0,0.18
Ce2SO2,298.0,3.6
Si m-hp1,298.0,8.0
Si m-hp1,298.0,1.3
Si m-hp1,298.0,2.3
Si m-hp1,298.0,0.42
Si m-hp1,298.0,0.43
Ba2Ca2Cu3Tl2O10,298.0,0.1
NdVO3 rt,298.0,0.5
MnNiSb,298.0,1.21
MnNiSb,298.0,0.0
MnNiSb,298.0,1.89
MnNiSb,298.0,1.63
MnNiSb,298.0,0.55
MnNiSb,298.0,0.61
SbSI lt,278.0,1.97
SbSI lt,278.0,2.03
SbSI lt,278.0,1.43
[H2O] lt cub,298.0,6.0
SrCoO3 ht2,298.0,6.3
SrCoO3 ht2,298.0,6.52
ZrPbO3 ht2,298.0,2.34
Kr lt,298.0,16.4
Kr lt,298.0,13.4
HfS3,8.0,2.159
HfS3,298.0,2.153
KTaO3 rt,298.0,1.4
KTaO3 rt,298.0,6.2
KTaO3 rt,298.0,2.987
Sn0.19Ge0.81 m,300.0,-0.01
Sn0.19Ge0.81 m,298.0,0.2
Sn0.19Ge0.81 m,0.0,0.18
Sn0.19Ge0.81 m,0.0,0.42
Sn0.19Ge0.81 m,0.0,0.53
Sn0.19Ge0.81 m,0.0,0.59
Sn0.19Ge0.81 m,0.0,-0.1
Sn0.19Ge0.81 m,0.0,0.3
Sn0.19Ge0.81 m,298.0,0.614
Sn0.19Ge0.81 m,298.0,0.599
Sn0.19Ge0.81 m,298.0,0.445
Sn0.19Ge0.81 m,298.0,0.428
Sn0.19Ge0.81 m,298.0,0.346
Sn0.19Ge0.81 m,298.0,0.441
Sn0.19Ge0.81 m,0.0,0.32
CrBr3 rt,30.0,8.0
CaMnO3 ht,298.0,0.42
NaLaP4O12,298.0,4.79
Ag0.25Zn0.5Ga0.25Se cub,298.0,1.63
Ag0.25Zn0.5Ga0.25Se hex,298.0,1.63
[C60] rt,298.0,1.35
[C60] rt,298.0,1.87
[C60] rt,298.0,1.13
[C60] rt,298.0,1.85
LiTiS2 trig,298.0,0.23
CsI hp1,298.0,0.0
NaCl hp,298.0,0.0
NaCl hp,298.0,0.0
Lu6MoO12 rhom,298.0,1.84
Ca0.5TiPb0.5O3 ht,298.0,3.85
Ca0.5TiPb0.5O3 rt,298.0,3.13
SiC 15R,298.0,3.03
SiC 15R,298.0,3.0
SiC 15R,298.0,2.86
SiC 15R,1.8,2.986
SiC 15R,298.0,1.93
SiC 4H,0.0,5.4
SiC 4H,0.0,3.31
SiC 4H,0.0,2.18
SiC 4H,298.0,3.28
SiC 4H,4.2,3.265
SiC 4H,0.0,5.18
SiC 4H,0.0,3.81
SiC 4H,0.0,2.14
SiC 4H,298.0,2.31
SiC 4H,298.0,3.16
SiC 4H,298.0,3.26
SiC 4H,298.0,3.56
SiC 4H,298.0,3.265
SiC 4H,0.0,3.3
SiC 4H,298.0,2.17
SiC 4H,4.0,3.26
V2O3 lt,298.0,0.2
YAl3[BO3]4,298.0,6.91
YAl3[BO3]4,298.0,6.54
Os2Ge3 rt,298.0,0.8
CdS hp1,298.0,1.7
CdS hp1,298.0,1.7
CdS hp1,298.0,1.5
CdS hp1,298.0,1.85
CdS hp1,298.0,1.74
SiO2 sti,298.0,5.15
SiO2 sti,298.0,7.51
HfSe2,90.0,1.13
HfSe2,298.0,0.55
BeH2,298.0,5.78
BeH2,298.0,8.27
SnSe m,298.0,1.0
AgO mon,298.0,0.03
PbTe hp1,298.0,0.166
PbTe hp1,300.0,0.42
PbPo,298.0,0.0
ZnPo,298.0,-0.13
CdPo,298.0,-0.44
CdTe m,0.0,1.8
CdTe m,0.0,2.58
CdTe m,0.0,3.57
CdTe m,0.0,3.3
CdTe m,0.0,3.76
CdTe m,0.0,1.501
CdTe m,0.0,2.492
CdTe m,0.0,2.621
CdTe m,2.0,1.653
CdSe hp1,298.0,0.67
CdSe hp1,298.0,1.0
CdSe hp1,0.0,0.69
CdSe hp1,0.0,0.76
CdSe hp1,0.0,0.7
CdSe hp1,298.0,0.6
PbTe hp2,300.0,0.34
PbTe hp2,300.0,0.32
PbTe hp2,300.0,0.21
PbTe hp2,300.0,0.23
PbTe hp2,300.0,0.255
PbTe hp2,300.0,0.23
PbSe hp3,320.0,0.19
PbSe hp3,80.0,0.24
Na3[C60] ht,10.0,0.35
InP hp1,0.0,1.42
InP hp1,0.0,1.94
ZnO hp,0.0,0.9
ZnO hp,298.0,6.54
ZnO hp,298.0,5.54
ZnO hp,298.0,3.85
ZnO hp,298.0,2.85
ZnO hp,298.0,2.89
ZnO hp,298.0,2.9
ZnO hp,298.0,3.0
ZnO hp,298.0,2.6
ZnO hp,298.0,1.1
CsH hp1,298.0,0.8
CdS m cub,90.0,2.4
CdS m cub,0.0,2.5
CdS m cub,0.0,4.49
CdS m cub,0.0,2.83
CdS m cub,0.0,5.08
CdS m cub,0.0,4.82
CdS m cub,0.0,2.55
CdS m cub,0.0,2.5
CdS m cub,0.0,2.472
CdS m cub,0.0,3.903
CdS m cub,77.0,2.5
CdS m cub,298.0,2.48
CdS m cub,298.0,1.93
CdS m cub,298.0,2.46
CdS m cub,298.0,2.33
CdS m cub,298.0,1.0
CdS m cub,298.0,2.31
CdS m cub,298.0,2.4
CdS m cub,298.0,2.4
CuGaSeS,298.0,2.13
CuGaSeS,298.0,2.74
CuGaSeS,298.0,2.03
Nb3Sb2Te5,298.0,0.9
W0.5Mo0.5Se2,298.0,1.44
LiMgN ht,298.0,2.82
LiMgN ht,298.0,2.46
Li3GaN2,298.0,2.37
CuInTeSe rt,300.0,0.85
CuInTeSe rt,70.0,0.905
LiInSe2,298.0,2.03
HfSe3,30.0,2.15
ZrSe3,30.0,1.858
ZrSe3,2.0,1.818
ZrSe3,30.0,1.86
BeTe rt,298.0,5.4
BeTe rt,298.0,2.6
BeTe rt,298.0,3.64
BeTe rt,298.0,3.82
BeTe rt,298.0,2.03
BeTe rt,298.0,2.81
BeTe rt,298.0,3.56
BeTe rt,298.0,1.76
BeS rt,0.0,5.397
BeS rt,0.0,2.816
BeS rt,0.0,5.481
BeS rt,298.0,5.66
BeS rt,298.0,6.06
BeS rt,298.0,3.14
BeS rt,298.0,4.26
BeS rt,298.0,5.5
BeS rt,298.0,2.83
BeSe rt,298.0,6.8
BeSe rt,298.0,3.8
BeSe rt,298.0,4.19
BeSe rt,298.0,5.19
BeSe rt,298.0,2.67
BeSe rt,298.0,3.64
BeSe rt,298.0,4.38
BeSe rt,298.0,2.41
ZnO m,298.0,8.61
ZnO m,298.0,3.47
Ru2Si3 ht,298.0,0.34
SnS ht1,298.0,1.0
AlN hp,298.0,5.56
AlN hp,298.0,6.39
AlN hp,298.0,4.65
AlN hp,298.0,6.13
AlN hp,298.0,5.0
AlN hp,298.0,6.5
Zr hp1,298.0,0.61
Zr hp1,298.0,2.01
Zr hp1,298.0,1.96
Zr hp1,298.0,1.19
Zr hp1,298.0,1.43
ZnSe m hex,0.0,2.13
ZnSe m hex,0.0,3.88
ZnSe m hex,0.0,2.75
ZnSe m hex,0.0,3.89
ZnSe m hex,0.0,4.54
ZnSe m hex,0.0,2.324
ZnSe m hex,0.0,3.246
ZnSe m hex,0.0,3.416
K3Sb ht,0.0,0.56
K3Sb ht,0.0,1.39
K3Sb ht,298.0,0.4
PtO tf1,298.0,0.7
PtO tf1,298.0,-0.4
WO3 tf,298.0,1.6
WO3 tf,298.0,0.6
BaTe hp,298.0,0.48
BaTe hp,298.0,1.6
BaTe hp,0.0,0.25
SrTe hp,298.0,1.8
KP15,298.0,2.1
MgSe tf,298.0,2.44
MgSe tf,298.0,3.78
Ca3BiN,298.0,0.3
UNiSn rt,298.0,0.12
UNiSn rt,298.0,0.04
ThNiSn,298.0,0.13
ThNiSn,298.0,0.03
ThNiSn,298.0,0.484
Cd0.5Mn0.5In2S4,298.0,2.15
Cd0.5Mn0.5In2S4,78.0,2.2
MgSiP2,298.0,2.4
MgSiP2,298.0,1.16
MgSiP2,298.0,1.27
Ag0.14Ge0.74Bi0.12Te ht,298.0,0.49
Ag0.14Ge0.74Bi0.12Te rt,298.0,0.21
LiMgAs,298.0,1.78
LiMgAs,298.0,1.25
BaCu2S2 rt tet rt,298.0,0.5
Ba4Zn4Ge19,298.0,0.33
NiGa2S4,298.0,0.3
NiGa2S4,298.0,1.4
BaCu2Se2 orth,298.0,1.3
TlBr m,298.0,3.3
TlBr m,77.0,3.327
TlBr m,298.0,3.4
TlCl m1,298.0,3.7
TlCl m1,298.0,3.8
SiO2 coe,298.0,8.37
K2TiAl[PO4]3,298.0,4.62
CuGa0.5In0.5Te2 rt,300.0,1.0614
Ti3O5[OH]2,298.0,3.3
SnSe0.5S0.5 rt,298.0,1.1
SnSe0.5S0.5 rt,298.0,1.078
PbSnO3 tf,300.0,2.941
PbSnO3 tf,77.0,3.049
Ba2NbInO6,298.0,2.75
Ba2TaInO6,298.0,3.5
CuGa0.5In0.5Se2,298.0,1.47
Cd0.7Mn0.3In2Te4 ht1,298.0,1.225
Cd0.3Mn0.7In2Te4 rt,298.0,1.305
TlGaSeS,298.0,2.38
Y3Fe2.5Al2.5O12 rt,298.0,0.03
Dy[PO4] tet,298.0,6.38
CuCl hp2,0.0,0.577
CuCl hp2,300.0,5.3
CuCl hp2,300.0,3.0
SN poly,298.0,1.52
SN poly,298.0,1.7
SN poly,298.0,2.7
Sr2YSbO6 ht2,298.0,2.5
BaTa2Bi2O9 rt,298.0,1.4
BaTa2Bi2O9 rt,298.0,1.2
SrTa2Bi2O9 rt,298.0,2.1
CaTa2Bi2O9 rt,298.0,2.4
Bi0.5Sb0.5SeI,298.0,1.35275
SiO2 mon1,298.0,5.56
Ne lt/hp,298.0,20.0
Ne lt/hp,298.0,22.3
Ga0.5In0.5As0.5P0.5 tf,298.0,2.07
Ga0.5In0.5As0.5P0.5 tf,298.0,2.07
Ga0.9In0.1Sb0.1P0.9 tf,298.0,1.95
Ga0.9In0.1Sb0.1P0.9 tf,298.0,1.95
CoSbSI,298.0,1.7
CoBiSI (Co),298.0,1.5
CoSbSeI,298.0,1.359
Al0.26Ga0.26In0.48P,2.0,2.218
Al0.26Ga0.26In0.48P,2.0,2.296
Ge m-hp2,0.0,0.7
Ge m-hp2,298.0,2.66
Ge m-hp2,298.0,1.46
Ge m-hp2,298.0,2.68
Ge m-hp2,298.0,1.47
Ag0.5Cu0.5GaSe2,298.0,1.67
[H2O] hp VII,298.0,7.8
Al0.5Ga0.5N,298.0,7.23
Al0.5Ga0.5N,298.0,7.23
FeBr2,30.0,7.75
GaSe0.75S0.25,298.0,2.13
GaSe0.75S0.25,298.0,2.25
GaSe0.75S0.25,298.0,2.6
Ce3Pt3Bi4,0.0,0.15897
Ce3Pt3Bi4,0.0,0.010692
LiVWO6,298.0,1.73
Ge m-hp1,0.0,0.0
Ge m-hp1,298.0,0.0
Ge m-hp1,298.0,0.0
InN hp,298.0,0.62
InN hp,298.0,1.66
InN hp,298.0,0.21
InN hp,298.0,1.09
InN hp,298.0,3.91
InN hp,298.0,4.35
InN hp,298.0,1.17
InN hp,298.0,1.87
GaN hp,0.0,2.5
GaN hp,0.0,0.5
GaN hp,298.0,2.92
GaN hp,298.0,5.26
GaN hp,298.0,0.76
GaN hp,298.0,1.0
GaN hp,298.0,5.31
GaN hp,298.0,1.99
GaN hp,298.0,2.29
GaN hp,298.0,6.28
GaN hp,298.0,3.16
GaN hp,298.0,1.01
GaN hp,298.0,1.9
CuI hp2,298.0,2.92
CuI hp2,298.0,1.3
CuI hp2,298.0,2.97
ScAl3C3,298.0,0.5
LaFe4P12,298.0,0.0444
ZrNCl ht,298.0,1.7
Ba3SiI2,298.0,0.4
ZnLaPO,298.0,1.7
ZnLaPO,298.0,1.4
ZnLaPO,298.0,0.75
Ba2Cu4Te4Cl4O11,298.0,3.0
TiNb3O6,298.0,0.3
CsZnYSe3,298.0,2.11
NaCeP2Se6,298.0,2.37
Ce0.67PSe3,298.0,1.94
Cu0.2Ce0.6PSe3,298.0,2.24
RbTbSe2,298.0,2.5
RbTbSe2,298.0,1.8
Zn[NCN],298.0,4.93
Zn[NCN],298.0,4.32
[NH4]BaAsS4[H2O]2,298.0,3.29
Tl2Ni3S2,298.0,0.5
Cu3In5Se9 hex,10.0,1.295
RbInS2 mon,298.0,2.8
B25N,0.0,0.777
B25N,0.0,0.728
ZnS 4H,0.0,3.29
ZnS 4H,0.0,4.61
SiC 8H,298.0,2.76
ZnS 6H,0.0,3.38
ZnS 6H,0.0,4.72
ZnTe hp1,0.0,2.1
ZnTe hp1,0.0,1.08
ZnTe hp1,298.0,0.43
ZnTe hp1,298.0,0.65
ZnTe hp1,298.0,2.52
K0.33Ba0.67AgTe2 mon,298.0,0.3
NaTaO3 ht3,298.0,1.7
SiB3,298.0,1.5
NaGe3P3,298.0,1.4
PdBi2[SeO3]4,298.0,1.73
BaPd[SeO3]2,298.0,1.32
PdPb2[SeO3]2Cl2,298.0,1.44
PdPb2[TeO3]2Cl2,298.0,1.43
BaGa2GeSe6,298.0,1.87
BaGa2GeS6,298.0,2.49
BaGa2SiS6,298.0,2.94
BaGa2SiSe6,298.0,2.26
K2SrVB5O12,298.0,3.769
Pb3[SeO3]2Br2,298.0,3.25
Pb2Ge[SeO3]4 rt,298.0,3.06
Pb3[TeO3]Cl4,298.0,3.2
FeBi[SeO3]3 rt,298.0,0.68
Mg2Te3O8,298.0,3.61
Na3Li2Al[SiO4]2,298.0,4.28
GaN hyp,10.0,3.302
GaN hyp,300.0,3.231
GaN hyp,0.0,1.401
GaN hyp,0.0,2.712
GaN hyp,298.0,1.9
GaN hyp,298.0,3.28
GaN hyp,0.0,2.8
GaN hyp,0.0,1.467
GaN hyp,0.0,2.938
GaN hyp,298.0,2.23
GaN hyp,298.0,2.18
GaN hyp,298.0,3.36
GaN hyp,298.0,4.99
GaN hyp,298.0,4.93
GaN hyp,298.0,1.93
GaN hyp,298.0,3.23
GaN m,298.0,1.91
GaN m,298.0,1.52
GaN hyp,1.6,3.27
GaN hyp,0.0,3.237
GaN hyp,0.0,1.8
GaN hyp,298.0,3.17
GaN hyp,298.0,3.38
GaN hyp,298.0,4.57
GaN hyp,298.0,1.48
GaN hyp,298.0,2.64
GaN hyp,298.0,2.0
GaN hyp,298.0,3.3
GaN hyp,298.0,3.9
GaN hyp,298.0,4.79
GaN hyp,298.0,3.3
C gra 3R,298.0,0.05
CuBiSO,298.0,0.48
CuLaTeO,298.0,1.96
Cs2[SiO4]B4O5,298.0,4.92
Ba0.1V1.9Bi4O10.85,298.0,1.81
Ba0.1V1.9Bi4O10.85,298.0,1.97
Ba0.1V0.9Bi2O5.35,298.0,1.62
Ba0.1V0.9Bi2O5.35,298.0,1.73
CsBi4Te6,298.0,0.1
CsBi4Te6,298.0,0.08
B hp,298.0,1.7
Na0.99Dy0.01Al1.02Si0.98O4,298.0,4.39
Cu2ZnSnSe2S2,298.0,1.25
Ba2.62Pb0.38B6O12,298.0,4.43
Cu2ZnSnS4 ht1,298.0,1.5
Li[VO][PO4] tricl,298.0,2.13
Ti2FeIn3O10 orth,298.0,3.3
Ti2FeIn3O10 orth,298.0,2.9
La0.74Fe2.74Co1.26Sb12,298.0,0.48
In5SnSbO12,298.0,1.18
VPbO3,298.0,0.248
VPbO3,298.0,0.035
VPbO3,298.0,0.311
CuScO2 rhom,298.0,3.6
RbBi3Se5 mon2,298.0,0.39
RbBi3Se5 mon1,298.0,0.22
RbBi3Se5 orth,298.0,0.56
Rb3In[PO4]2,298.0,3.18
Rb3In[PO4]2,298.0,3.1
CuBiP2Se6 lt2,298.0,1.1
Sr6B[PO4]5,298.0,5.0
Cd0.5Mn0.5O rt,298.0,2.62
Cd0.5Mn0.5O rt,298.0,2.65
Cd0.5Mn0.5O rt,298.0,2.61
Kr hp hex,298.0,11.4
Kr hp hex,298.0,15.4
CsCdTmTe3,298.0,2.01
CsCdTmTe3,298.0,1.86
Cu6.33La5S7O4,298.0,2.0
CsGeB3O7,298.0,5.76
CsGeB3O7,298.0,4.21
K4Ge6B4O20,298.0,3.53
K4Ge6B4O20,298.0,5.38
RbCuUS3,298.0,0.73
KCuUS3,298.0,0.73
CsAgUS3,298.0,0.73
CsAgUS3,298.0,1.51
RbAgUS3,298.0,0.73
RbAgUSe3,298.0,0.73
CsAgUSe3,298.0,0.73
Cd6V2[SeO3]5O6 rt,298.0,2.53
Cd6V2[SeO3]5O6 rt,298.0,2.14
Zn[VO][SeO3]2,298.0,1.36
Zn[VO][SeO3]2,298.0,0.8
BaAlGeH,298.0,0.75
Pb5Sn2Bi4Se13,298.0,0.2
K2Zn[IO3]4[H2O]2,298.0,2.7
Pb0.35Sn8.65Bi4Se15,298.0,0.01
Nd0.1FeBi0.9O3 rt,298.0,2.07
Li1.8Zn1.7Co0.4[MoO4]3,298.0,2.88
Fe2B[PO4]3,298.0,2.81
La[VO][IO3]5,298.0,1.7
LaV2[IO3]O6,298.0,2.54
LaV[IO3]4O2[H2O],298.0,2.67
KZn4Sb3O12,298.0,3.113
KZn4SbO7,298.0,2.083
NaTaO3 mon,298.0,4.0
K0.01Na0.99TaO3 rt,298.0,3.84
CeW2BiO9,298.0,3.17
BaAl4Se7,298.0,2.45
SmW2BiO9,298.0,3.02
PbSbBS4,298.0,1.803
KTa3[TeO3]2O6 rt,298.0,3.22
KNb3[TeO3]2O6 rt,298.0,2.69
RbTa3[TeO3]2O6,298.0,3.21
RbNb3[TeO3]2O6,298.0,2.7
Cs3Nb9Te2[TeO3]2O26,298.0,0.97
KNb3[SeO3]2O6,298.0,2.67
Rb3In[IO3]6,298.0,2.45
LiIn[IO3]4,298.0,3.74
NaIn[IO3]4,298.0,3.15
CdHgSBr,298.0,1.94
Ag[CF3SO3]2,298.0,0.3
PtPb[IO3]6[H2O],298.0,2.68
K4Zn2Ge21,298.0,0.92
Rb0.85Fe1.8Se2 rt,12.0,0.45
Ca0.05FeBi0.95O3 rt,298.0,2.3
NbAlBi2O7,298.0,1.8
Cu5Ta11O30,298.0,0.85
Cu2.16V4O11,298.0,0.03
KFe2BiO5 ht1,298.0,1.58
Li2.2Cu1.8S2,298.0,1.95
Ge3N4 hp,298.0,1.9
Ca2Os2O7 orth,20.0,0.24
ZnNb1.5Bi1.5O7,298.0,3.3
Rb1.8LaNb2N0.7O6.3[H2O],298.0,2.29
Rb1.7Ca2Nb3N0.7O9.3[H2O]0.5,298.0,2.51
RbInSe2,298.0,2.0
K2CuSbS3,298.0,1.9
K2CuSbS3,298.0,2.2
KCa2Nb3O10 mon,298.0,3.2
Na6Cd7S10,298.0,2.62
SbSBr rt,298.0,2.18
[H2] lt2,298.0,1.0
[H2] lt2,298.0,15.0
Mg2LaPdH7,298.0,0.7
Ba3Sn2P4 mon1,298.0,0.7
Ba3Sn2P4 mon2,298.0,0.9
Na2SrNb4Bi2O15,298.0,2.86
H1.8Na2Sr0.8Nb4Bi0.2O13,298.0,2.95
Sr3Se2[SeO3]Cl2O5,298.0,3.49
Sr4Te3Cl4O8 rt,298.0,3.16
CuScO2 hex,298.0,3.3
Na3Gd[PO4]2 mon2,298.0,4.185
BaCu2Te2,298.0,1.0
CaGaBiB2O7,298.0,2.9
CaGaBiB2O7,298.0,2.9
CaGaBiB2O7,298.0,2.9
K2Cd2Te3,298.0,1.52
K6CdTe4,298.0,1.86
K2ZnTe2,298.0,2.3
K3In3[PO4]4,298.0,3.01
LiSi2N3,298.0,5.6
LiSi2N3,298.0,5.0
Pb6[MoO4][BO3]2O2,298.0,2.4
InSn2Bi3Se8,298.0,0.2
In0.2Sn6Bi1.8Se9,298.0,0.1
InBiO3 hp,298.0,1.5
InBiO3 hp,298.0,0.17
KBiSiS4,298.0,2.022
In2B[PO4]3,298.0,3.75
Cu3Ta7O19,298.0,0.55
Cd3Al3Bi[BO3]4O3,298.0,2.44
BaLa2PdO5,298.0,3.0
AlSb5Se5Cl4,298.0,1.3
CsGeBr3,298.0,2.38
CsGeBr3,298.0,2.32
PtSnS,298.0,0.5
PtSnTe orth,298.0,0.1
PtSnSe,298.0,0.3
ZnPb8[BO3]6,298.0,3.064
CdPb8[BO3]6,298.0,3.131
Hg3As8S8Br6,298.0,2.04
CsBe4[BO3]3,298.0,5.98
ScAlCO hex,298.0,0.6
CaGeO3 orth,298.0,1.68
CaGeO3 orth,298.0,2.31
CaGeO3 orth,298.0,2.41
CaGeO3 orth,298.0,1.75
GaInO3 mon,298.0,4.22
Hf0.5Ti0.5NiSn rt,298.0,0.46
Bi0.5Sb0.5SI,298.0,1.67975
Ba2.9Eu0.1Si6N2O12,298.0,5.08
Ba2.9Eu0.1Si6N2O12,298.0,4.8
Ba2.9Eu0.1Si6N2O12,298.0,6.93
WO3 hex,298.0,0.6
BaP10 rt,298.0,1.9
SiO2 kea,298.0,6.43
SiO2 kea,298.0,9.3
B2O3 hp,298.0,8.85
ZnS 10H1,0.0,3.45
ZnS 10H1,0.0,4.8
SiC 10H,298.0,2.66
[C60] lt,298.0,1.18
CuI 12R,298.0,3.09
CuCl hp1,0.0,0.526
PbI2 hp 14H,298.0,2.0
PbI2 hp 14H,298.0,2.325
PbI2 hp 14H,298.0,2.5
HBr lt2,0.0,3.7
HBr lt2,0.0,3.4
HBr lt2,0.0,3.6
Ba3[C60],298.0,2.2
Na2PdC2,298.0,2.6
Na2PdC2,298.0,0.2
C dia-n,298.0,0.0
CuBr hp1,298.0,2.49
ZrI2 mon,298.0,0.13
TlI tf,298.0,3.0
TlI tf,298.0,3.0
Ba6[C60],298.0,0.0
MgSe rt,298.0,9.06
MgSe rt,298.0,9.3
MgSe rt,298.0,4.14
MgSe rt,298.0,7.2
MgSe rt,298.0,2.5
MgSe rt,298.0,1.62
MgSe rt,298.0,9.9
Sn3N4,298.0,1.4
AgF,298.0,0.0
K2Te2 rt,298.0,0.18
Ag0.5Cu0.5GaS2,298.0,2.4
Ba5Si2N6,298.0,1.6
CaZn2[OH]6[H2O]2,298.0,3.24
NaLiCdS2,298.0,2.43
NaLiCdS2,298.0,2.37
Li3Sc[BO3]2,298.0,4.4
Na2Si2O5 hp,298.0,6.89
Na2Si2O5 hp,298.0,8.46
CsH hp2,298.0,1.4
LiZn[BO3] mon,298.0,3.6
LiZn[BO3] mon,298.0,3.1
K2SnSe3,298.0,1.82
K2SnSe3,298.0,2.7
Mg2LaH7,298.0,2.6
NaCuO2,298.0,0.33
YPtBi,298.0,0.08
CuYSeO,298.0,2.58
Cs2ZnBi2S5,298.0,1.85
Cs2CdBi2S5,298.0,1.75
Cs2CdBi2S5,298.0,1.7
LaMo8O14 orth2,298.0,0.05
RbTbS2,298.0,3.1
RbTbS2,298.0,2.1
ZnTe tf,0.0,2.67
ZnTe tf,0.0,2.73
ZnTe tf,0.0,3.13
K0.5CrSe2,298.0,0.0
K0.5CrSe2,298.0,1.41
ZnCl2[CSN2H4]2,298.0,4.82
LaVO3 lt,298.0,0.1
CF GIC,298.0,2.7
CF GIC,298.0,3.5
Li2PbGeS4,298.0,2.41
Li2PbGeS4,298.0,2.4
Li2EuGeS4,298.0,2.54
Pb6Sb6S17,298.0,1.2
Pb6Sb6S17,298.0,1.05
SrAlSiH,298.0,0.5
SrAlSiD,298.0,0.5
Li0.5Be0.5H1.5,298.0,0.8
Li0.5Be0.5H1.5,298.0,1.1
CdSe m4,0.0,1.74
CdSe m4,0.0,4.03
CdSe m3,0.0,1.77
CdSe m3,0.0,3.99
CdSe m2,0.0,1.78
CdSe m2,0.0,3.96
CsGeCl3 rt,298.0,3.43
CsGeCl3 rt,298.0,3.1
CsGeCl3 rt,298.0,3.67
KZn4[BO3]3,298.0,2.32
CuHg[SCN]4 mon,298.0,2.25
Sr2CrReO6 tet,298.0,0.21
Sr2CuW0.5Mo0.5O6 rt,298.0,2.18
Sr2CuW0.5Mo0.5O6 rt,298.0,1.91
Sr2CuW0.5Mo0.5O6 rt,298.0,1.81
Sr2CuW0.5Mo0.5O6 rt,298.0,1.6
Sr2CuMoO6 hp,298.0,1.76
Sr2CuMoO6 hp,298.0,1.21
Sr2CuMoO6 hp,298.0,0.96
Sr2CuMoO6 hp,298.0,0.44
CsCd4Ga5S12,298.0,1.89
Cs4Zn9As14,298.0,0.2
Rb4Zn9As14,298.0,0.1
CsHgInS3,298.0,2.24
Si3N4 hp,298.0,3.21
CdB10O14[OH]4[H2O],298.0,4.68
CdB10O14[OH]4[H2O],298.0,4.77
C lon,298.0,4.686
C lon,298.0,3.02
C lon,298.0,5.0
C lon,298.0,4.2
C lon,298.0,6.1
C lon,298.0,4.5
CsGeBr3 ht-hp,298.0,0.9
K2Bi8Se13 tricl,298.0,0.76
Mg3MnH7,298.0,2.56
SbSe0.5S0.5I,298.0,1.695
KSb5S8,298.0,1.55
Pb6Sb6Se17,298.0,0.8
Pb6Sb6Se17,298.0,0.7
Pb4Sb6Se13,298.0,0.65
Pb4Sb6Se13,298.0,0.55
Te0.5Se0.5 hp,298.0,1.06
Te0.5Se0.5 hp,298.0,1.16
Si stab,298.0,1.067
Si stab,298.0,1.49
Si stab,298.0,0.97
Si stab,298.0,1.52
Si stab,298.0,0.85
Si stab,298.0,0.883
Si stab,298.0,0.755
Si stab,298.0,0.6
SrGaGeH,298.0,0.6
BaGaSiH,298.0,0.6
BaGaGeH,298.0,0.1
BaGaGeH,,0.1
BaGaSnH,298.0,0.1
CaAlSiH,298.0,0.3
CaAlSiD,298.0,0.3
BaAlSiH,298.0,0.8
BaAlSiD,298.0,0.8
BaAlSiH,298.0,0.5
BaLa2Te3[TeO3]2O8,298.0,2.97
BaLa2Te3[TeO3]2O8,298.0,3.81
K4Sn3Se8,298.0,1.93
LiAsS2,298.0,1.6
Na0.4Li0.6AsS2,298.0,1.8
Na0.5Li0.5AsS2,298.0,2.0
Cs5BiP4Se12,298.0,1.85
SrAlGeH,298.0,0.75
Na0.52Li0.48Zn[BO3],298.0,3.3
Na0.52Li0.48Zn[BO3],298.0,2.95
Cd4Bi[BO3]3O,298.0,3.159
Pb2B5IO9,298.0,3.3333
Pb2B5IO9,298.0,3.3636
TiPbO3 tet,298.0,2.6
Sr2[VO]3[SeO3]5,298.0,1.77
Ba3V2[SeO3]4O4,298.0,2.65
SrV2[TeO3]O5,298.0,2.65
Sr2V4[TeO3]2O10[H2O],298.0,2.54
Ba2V2Te2O11,298.0,3.15
Ba2VTe4O12[OH],298.0,2.84
Sm2Mn3Sb4S12,298.0,1.06
K2Mg[IO3]4[H2O]2,298.0,2.76
Rb4Cd6.35Sb9,298.0,0.23
Pd[IO3]2,298.0,0.86
AgPd[IO3]3,298.0,1.41
BaPd[IO3]4,298.0,1.73
BaBiBS4,298.0,2.16
BaSbBS4,298.0,2.29
BaGa4Se7,298.0,1.76
Sc3Al3C2O5,298.0,0.3
Sc12Ir3Br16,298.0,0.086
Sc12Ir3Br16,298.0,0.071
BaLaSb2Se6,298.0,0.8
Ba3In2[PO4]4,298.0,3.69
Ba3In2[PO4]4,298.0,3.87
BaIn2[P2O7]2,298.0,3.7
BaIn2[P2O7]2,298.0,3.97
Ca2CdAs2 rt,298.0,0.9
Ca2CdAs2 ht,298.0,0.7
Rb4Ge3B6O17,298.0,3.29
RbGeB3O7,298.0,4.19
Rb2GeB4O9,298.0,3.54
Ba2GaBiS5,298.0,2.41
Ba2InBiS5,298.0,1.61
Ba2FeSbS5,298.0,0.93
Ba2FeBiS5,298.0,1.22
Ba3[GeO4]2B7O8[OH]3[H2O],298.0,4.03
Ba3[GeO4]2B6O8,298.0,3.91
Bi2[IO3]3[IO4] rt,298.0,3.17
K0.82Na2.18SrB5O10,298.0,3.74
In2As2Cl2O5,298.0,3.4
In4As5Br3O12,298.0,3.08
Ag[SO3F]2 mon,298.0,1.05
Ag3[SO3F]4,298.0,0.35
Ag3[SO3F]4,298.0,0.6
Zn0.9In0.1O,298.0,3.3
Ag2ZnSiS4,298.0,1.88
Ba8Al10[BO3]12O5,298.0,3.25
Ba0.95Sm0.1Ti0.95O3,298.0,2.87
Ge hp3,298.0,0.53
Ge hp3,298.0,0.55
FeSb2.2Te0.8,298.0,0.43
CdBiClO2,298.0,3.05
CdBiClO2,298.0,3.71
Zn0.97Ni0.03Cl2[CSN2H4]2,298.0,5.2
Zn0.4Cd0.6Al2S4,289.0,3.466
Zn0.2Cd0.8Al2Se4,289.0,3.172
Zn0.98Co0.02Al2S4,289.0,3.363
Zn0.784Cd0.196Co0.02Al2S4,289.0,3.133
ZnAl2Se2S2 rt,289.0,3.549
Zn0.2Cd0.8Al2Se0.8S3.2,289.0,3.346
ZnAl2Se2S2 ht,289.0,3.65
Zn0.196Cd0.784Co0.02Al2S4,289.0,3.308
Cd0.98Co0.02Al2S4,289.0,3.077
Zn0.98Co0.02Al2Se4,289.0,2.939
Cd0.98Co0.02Al2Se4,289.0,2.632
Zn0.196Cd0.784Co0.02Al2Se4,289.0,2.817
Zn0.98Co0.02Al2Se0.8S3.2,289.0,3.365
Zn0.98Co0.02Al2Se3.2S0.8,289.0,3.251
Zn0.196Cd0.784Co0.02Al2Se0.8S3.2,289.0,2.994
Zn0.8Cd0.2Al2S4,289.0,3.67
Na4SnSe4,298.0,1.95
Na4SnSe4,298.0,2.89
RbGeBr3 ht1,298.0,2.68
Ag0.5Bi1.5S2Br,298.0,0.9
ZnPrPO rt,298.0,0.8
LiZnN cub2,298.0,1.91
CdAl2Se4 hp,298.0,1.47
Ba5Ga2Se8,298.0,2.18
Ba5Ga2Se8,298.0,2.51
Cu4BiSe4I,298.0,0.2
Bi2Te3 hp4,0.0,0.15
Bi2Te3 hp4,298.0,0.11
AlPb6B2O7F7,298.0,2.968
Mg0.5Zn0.5S,298.0,2.509
Mg0.5Zn0.5S,298.0,3.377
Si m tet2,298.0,1.98
Si m tet2,298.0,1.6
Si m tet2,298.0,1.6
Mg5[BO3]3F,298.0,5.27
K2Cd2S3,298.0,2.89
KAgTeS3 mon,298.0,2.4
KAgTeS3 m,298.0,2.2
CsCuTeS3,298.0,2.15
RbCuTeS3,298.0,1.95
CsAgTeS3,298.0,2.4
RbAgTeS3,298.0,2.4
CsZnLaTe3,298.0,2.1
CsZnDyTe3,298.0,2.1
CsZnPrTe3,298.0,2.1
CsZnSmTe3,298.0,2.1
CsZnTbTe3,298.0,2.121
CsZnTbTe3,298.0,2.116
CsZnTbTe3,298.0,2.1
CsZnNdTe3,298.0,2.1
CsZnGdTe3,298.0,2.13
CsZnGdTe3,298.0,2.1
CsZnHoTe3,298.0,2.1
CsZnTmTe3,298.0,2.1
CsZnErTe3,298.0,2.1
CsZnYTe3,298.0,2.1
CdGaInS4 trig2,298.0,3.1
Mn2CoSb,298.0,0.4007
ZnS 8H,0.0,3.43
ZnS 8H,0.0,4.77
Ge m 4H,298.0,0.81
KLaP4O12 ht,298.0,5.11
KLaP4O12 ht,298.0,4.7
Ce0.9Pb0.1O1.95,298.0,3.13
Ba0.63Sr0.35Mg0.02TiO3,298.0,3.55
Ag0.3La0.7FeO3,298.0,1.65
K2NaZnB5O10,298.0,3.42
TiV0.5Ni0.5Sn,298.0,0.45
Be0.06Zn0.94Se,298.0,2.9
Be0.06Zn0.94Se,298.0,2.46
Be0.06Zn0.94Se hp,298.0,2.27
Be0.06Zn0.94Se hp,298.0,3.09
Mn0.7Fe0.3In2S4,298.0,1.57
Mn0.7Fe0.3In2S4,298.0,1.33
Ba2Pb0.5GeS4Br,298.0,2.054
Ba2Pb0.5GeSe4Br,298.0,1.952
Ba2Sn0.5GeS4Br,298.0,2.066
KBaSbSe3,298.0,1.67
KBaAsSe3,298.0,1.52
InN hyp,0.0,-0.35
InN hyp,298.0,0.013
InN hyp,298.0,2.81
InN hyp,298.0,-0.2
InN hyp,298.0,2.9
Sr2.96Eu0.04[BO3]2,298.0,6.96
Ag2MnGeSe4,0.0,1.5083
Ag2MnGeSe4,21.0,1.506
Ag2MnGeSe4,300.0,1.472
CsAgC2 tet1,298.0,2.3
CsCdCeSe3,298.0,2.4
CsCdCeSe3,298.0,2.4
CsCdGdSe3,298.0,2.6
CsCdGdSe3,298.0,2.54
CsCdSmSe3,298.0,2.47
CsCdSmSe3,298.0,2.45
CsCdTbSe3,298.0,2.67
CsCdTbSe3,298.0,2.6
CsCdDySe3,298.0,2.57
CsCdDySe3,298.0,2.51
CsHgCeSe3,298.0,1.94
CsCdYSe3,298.0,2.48
CsCdYSe3,298.0,2.54
CsCdYSe3,298.0,2.16
CsHgLaSe3,298.0,2.5
CsHgLaSe3,298.0,2.45
CsHgSmSe3,298.0,2.36
CsHgSmSe3,298.0,2.37
CsHgYSe3,298.0,1.54
CsHgYSe3,298.0,2.58
CsHgYSe3,298.0,2.54
MgAl2H8,298.0,6.88
MgAl2H8,298.0,6.85
MgAl2H8,298.0,6.47
TlScSe2,298.0,0.25
TlScS2,298.0,0.54
SiCNx 6H,2.0,3.023
Tl4HfTe4,298.0,0.3
Na2AuBi,298.0,0.5
K2AuBi,298.0,1.0
RbNb4Br11,298.0,0.38
RbNb4Br11,298.0,0.33
Gd4GaSbS9,298.0,2.23
Pr4GaSbS9,298.0,2.17
Nd4GaSbS9,298.0,2.18
Sm4GaSbS9,298.0,2.2
Ho4GaSbS9,298.0,2.25
Tb4GaSbS9,298.0,2.24
Dy4GaSbS9,298.0,2.24
ZnSe hp1,298.0,1.1
ZnSe hp1,298.0,1.5
ZnSe hp1,298.0,-1.06
SiH2,0.0,4.6
ZnS hp,298.0,2.14
ZnS hp,298.0,2.26
ZnTe0.2Se0.8 hp1,298.0,1.18
Cs4Ga4Si19,298.0,0.77
ZnTe0.5Se0.5 hp2,298.0,0.65
Fe[O2],298.0,0.18
Ag12Tl2Se7,298.0,0.7
SiO2 mel,298.0,14.3
RbCdI3[H2O],298.0,3.465
CuCl hp4,300.0,2.9
CuCl hp4,298.0,1.66
MgO hp,0.0,6.17
MgO hp,0.0,5.14
MgO hp,0.0,2.13
GeSi hyp,0.0,2.14
GeSi hyp,0.0,1.54
GeSi hyp,0.0,2.407
GeSi hyp,0.0,1.22
NaxZnSe rt,5.0,2.822
[H2O] hp XI,298.0,2.4
AlN hyp,0.0,4.35
AlN hyp,0.0,4.9
AlN hyp,0.0,6.0
AlN hyp,0.0,6.2
AlN hyp,0.0,5.11
AlN hyp,298.0,4.35
AlN hyp,298.0,3.23
AlN hyp,298.0,4.53
AlN hyp,298.0,4.58
AlN hyp,298.0,3.4
AlN hyp,298.0,7.64
AlN hyp,298.0,7.69
AlN hyp,298.0,3.39
AlN hyp,298.0,4.36
AlN hyp,298.0,3.231
AlN hyp,298.0,3.21
AlN hyp,298.0,6.2
AlN hyp,298.0,3.17
AlN hyp,298.0,5.94
AlN hyp,298.0,5.1
AlN hyp,298.0,4.6
AlN hyp,298.0,3.2
AlN hyp,0.0,4.58
GaP0.76N0.24,298.0,3.23
GaP0.76N0.24,298.0,3.23
CdTeIx,80.0,1.598
CdTeIx,296.0,1.514
CdTeIx,300.0,1.513
CdTeIx,4.2,1.606
ZnTeClx,2.0,2.391
CdS 4H,0.0,2.31
CdS 4H,0.0,4.65
ZnSe 4H,0.0,1.93
ZnSe 4H,0.0,3.68
ZnSe 6H,0.0,1.97
ZnSe 6H,0.0,3.72
ZnSe 8H,0.0,1.98
ZnSe 8H,0.0,3.73
ZnSe 10H,0.0,1.99
ZnSe 10H,0.0,3.74
CdS 8H,0.0,2.41
CdS 8H,0.0,4.53
CdS 10H,0.0,2.42
CdS 10H,0.0,4.49
CdSe 4H,0.0,1.66
CdSe 4H,0.0,4.09
Si0.875C0.125,0.0,0.17
CdTeSix,300.0,1.5
CdTeSix,300.0,1.53
ZnxGaAs,4.2,1.632
ZnxGaAs,4.2,1.85
ZnxGaAs,4.2,2.18
ZnxGaAs,0.0,1.65
ZnxGaAs,0.0,1.94
ZnxGaAs,77.0,1.513
ZnxGaAs,77.0,1.408
ZnxGaAs,77.0,1.464
ZnxGaAs,77.0,1.461
ZnxGaAs,77.0,1.444
ZnxGaAs,77.0,1.439
ZnxGaAs,77.0,1.434
ZnxGaAs,77.0,1.43
KSnxCl,77.0,7.3
KSnxI,15.0,5.8
CdH3 hyp hyp,298.0,0.18
ZnxGaSb,4.2,0.8102
ZnSeClx rt,298.0,2.71
BeO hyp,298.0,6.35
NaH hp,298.0,3.3
GaAsOx,6.0,1.5196
CdSCxClx hp,77.0,2.582
CdSCxClx hp,77.0,2.602
CdSCxClx hp,77.0,1.55
LiH hp,0.0,0.5
AlAsCx,300.0,3.03
CrxGaP,78.0,2.637
CuxCdS,298.0,2.4
CuxCdS,298.0,2.5
BeF2 ht3 ht2,298.0,16.0
BeF2 ht3 ht2,298.0,10.7
BeF2 ht3 ht2,298.0,11.9
BN hyp hp,298.0,9.92
BN hyp hp,298.0,21.7
BN hyp hp,298.0,1.55
BN hyp hp,298.0,2.23
BN hyp hp,298.0,7.13
BN hyp hp,298.0,7.74
BN hyp hp,298.0,5.92
BN hyp hp,298.0,7.91
CuI rt cub2,298.0,2.95
CuI rt cub2,298.0,1.077
Cs3Sb lt,0.0,2.4
Cs3Sb lt,0.0,2.5
Cs3Sb lt,0.0,2.1
Cs3Sb lt,0.0,1.04
CsAu hp,0.0,1.0
CsAu hp,0.0,0.7
Al0.4Ga0.6AsTex,295.0,1.85
Al0.4Ga0.6AsTex,295.0,1.68
Al0.4Ga0.6AsTex,295.0,1.92
Al0.4Ga0.6AsTex,295.0,2.0
Al0.4Ga0.6AsTex,295.0,2.1
Al0.4Ga0.6AsTex,295.0,2.25
BC2N hyp5,298.0,1.6
BC2N hyp5,298.0,0.5
GaSb0.5As0.5 tet3,298.0,0.86
GaSb0.5As0.5 tet3,298.0,-0.316
Ga4Sb3As cub,298.0,0.79
Ga4Sb3As cub,298.0,-0.29
Ga4Sb3As cub,298.0,1.09
Ga4Sb3As cub,298.0,-0.175
Ga4Sb3As cub,298.0,0.79
Ga4Sb3As cub,298.0,1.09
GaSb0.5As0.5 rhom,298.0,0.37
GaSb0.5As0.5 rhom,298.0,-0.17
Ga4Sb3As tet,298.0,0.91
Ga4Sb3As tet,298.0,-0.17
Ga4Sb3As tet,298.0,1.22
Ga4Sb3As tet,298.0,-0.054
Ga4Sb3As tet,298.0,0.91
Ga4Sb3As tet,298.0,1.22
Al0.5Ga0.5As tet1,298.0,2.18
Al0.5Ga0.5As tet1,298.0,0.893
AlGaAs2 tet2,298.0,2.36
AlGaAs2 tet2,298.0,1.068
Al0.5Ga0.5As rhom1,298.0,1.97
Al0.5Ga0.5As rhom1,298.0,0.683
Al3GaAs4 cub,298.0,2.43
Al3GaAs4 cub,298.0,1.144
Al3GaAs4 cub,298.0,1.89
Al3GaAs4 cub,298.0,0.601
Ga2SbAs tet2,298.0,1.13
Ga2SbAs tet2,298.0,-0.05
Ga2SbAs tet2,298.0,1.13
Al3GaAs4 tet,298.0,2.66
Al3GaAs4 tet,298.0,1.377
Al3GaAs4 tet,298.0,1.92
Al3GaAs4 tet,298.0,0.633
Ga2SbAs lt,298.0,0.86
Ga2SbAs lt,298.0,0.37
Cd0.5GaSe2 rt,290.0,2.33
Cd0.5GaSe2 rt,0.0,2.49
Cd0.5GaSe2 rt,50.0,2.487
Cd0.5GaSe2 rt,298.0,2.57
Cd0.5CoxGaSe2,290.0,2.24
Cd0.5CoxGaSe2,0.0,2.4
Cd0.5CoxGaSe2,50.0,2.384
MnGeP2 hyp,298.0,0.24
MnGeAs2 hyp,298.0,0.06
CaCu3Ti4O12 hp,298.0,0.19
Ag0.5In2.5Te4,298.0,1.11
Al0.5Ga0.5N hyp,298.0,2.52
Al0.5Ga0.5N hyp,298.0,2.61
Al0.5Ga0.5N hyp,298.0,3.22
Al0.5Ga0.5N hyp,298.0,3.41
Sb0.5BN0.5,298.0,0.119
Sb0.5BN0.5,298.0,0.76
Sb0.25BP0.75 hyp,298.0,0.928
Sb0.25BP0.75 hyp,298.0,1.541
Sb0.75BAs0.25 hyp,298.0,0.881
Sb0.75BAs0.25 hyp,298.0,1.5
ZnTe0.5S0.5 tet,298.0,0.97
MgZnTe2,298.0,1.456
MgZnTe2,298.0,2.039
MgZn3Te4,298.0,1.253
MgZn3Te4,298.0,1.827
Mg3ZnS4,298.0,2.263
Mg3ZnS4,298.0,3.114
TlGa0.5In0.5S2,300.0,2.32
TlGa0.5In0.5S2,10.0,2.46
TlGa0.5In0.5S2,0.0,2.46
PtN2 orth,298.0,0.45
PtN2 orth,298.0,0.9
BeZn,298.0,4.48
BeZn,298.0,2.41
MgS hyp,298.0,3.1
MgS hyp,298.0,3.59
MgSe hyp,298.0,2.4
MgSe hyp,298.0,3.16
RuSi2 orth,298.0,0.49
RuSi2 orth,298.0,0.34
RuSi2 orth,298.0,0.17
BN 5H 5H,298.0,7.02
BN 5H 5H,298.0,4.926
Mo3Sb2Te5,298.0,0.45
Lu6WO12,298.0,2.12
Tl2SnTe3 ht,298.0,0.4
CsGeBr1.56Cl1.44,298.0,2.52
Cs0.48Rb0.52GeBr3,298.0,2.41
CdSb2Si,298.0,0.8
MgSnP2,298.0,1.8
ZnSb2Si,298.0,0.9
ZnGeSb2,298.0,0.5
CdGeSb2,298.0,0.2
MgSnAs2,298.0,1.2
MgGeAs2,298.0,1.6
MgSb2Se,298.0,0.9
MgSb2Si,298.0,1.4
HgGeAs2,298.0,0.2
MgSnSb2,298.0,0.6
HgSnP2,298.0,0.8
HgSiAs2,298.0,0.7
CuTlTe2,298.0,0.9
HgSiP2,298.0,1.6
HgGeP2,298.0,1.2
AgTlS2,298.0,1.1
BeCN2 hyp,298.0,8.2
ZnSe0.5S0.5 lt,298.0,1.61
CdSn2Te,298.0,-1.07
CdSn2Te,298.0,-1.26
CdSn2Te,298.0,-0.38
CdSn2Te,298.0,-0.57
Cd2SnTe,298.0,-0.09
Cd2SnTe,298.0,-0.29
Cd2SnTe,298.0,-0.31
Cd2SnTe,298.0,0.12
CdSnTe2,298.0,-0.69
CdSnTe2,298.0,-0.95
CdSnTe2,298.0,0.05
CdSnTe2,298.0,-0.19
CuLaO3 tet1,298.0,0.95
CsGeCl3 hp,298.0,3.0
CsGeCl3 hp,298.0,2.1
CsGeCl3 hp,298.0,2.1
CsGeCl3 hp,298.0,1.2
CoxSbSe0.5S0.5I,298.0,1.5095
CoxBiSe0.5S0.5I,298.0,1.3035
CoxBi0.5Sb0.5SI,298.0,1.5745
BiSe0.5S0.5I,298.0,1.40625
CoxBiSeI,298.0,1.145
CoxBi0.5Sb0.5SeI,298.0,1.19725
Al0.5In0.5As,298.0,1.83
Al0.5In0.5As,298.0,1.83
Zn0.9984P0.0016Te,300.0,2.185
MoRe0.01S2,298.0,1.94
CsZrSe2,298.0,1.0
CsZrSe2,298.0,1.0
K2NiF4 orth,298.0,0.5
FeGeSi,298.0,0.97
FeGeSi,298.0,0.73
FeGeSi,298.0,0.97
FeGeSi,298.0,0.67
Mg0.04CuSc0.96O2.23,298.0,3.6
Mo0.025In1.975O3,298.0,3.79
Zn0.87Mn0.13SeClx,298.0,2.664
Tl2GaInS4,300.0,0.000204
Tl2GaInS4,10.0,0.000215
Cu0.1Zn0.9LaPO,298.0,1.75
Zn0.9LaZr0.1PO,298.0,1.75
ZnNxO,298.0,3.255
MgS hyp hex,298.0,3.15
MgS hyp hex,298.0,4.36
MgTe hp2,298.0,2.2
MgTe hp2,298.0,0.38
Ga0.75B0.25N,298.0,2.73
Ga0.75B0.25N,298.0,2.32
Li3GaP2,298.0,1.26
AlBi,298.0,0.02
Al0.75B0.25N,298.0,3.48
CdYbxS cub1,300.0,2.41
CdYbxS cub1,300.0,2.34
CdYbxS cub2,300.0,1.75
CdYbxS cub2,300.0,1.85
Pr0.5Gd1.5SO2,298.0,2.85
Pr0.5Gd1.5SO2,298.0,4.2
Ba0.12Sr0.87Eu0.001[SO4],298.0,4.3
Mg0.001Fe1.999O3,298.0,1.6
Mg0.001Fe1.999O3,298.0,2.505
ZnTe0.5Se0.25S0.25,298.0,2.8
Ba0.05Ca0.05FeBi0.9O2.95,298.0,2.38
Mn0.00046Ga1.99954O3,298.0,1.57
Cr0.00116Ga1.99884O3,298.0,0.76
BaMnAsF,298.0,0.7
BaMnBiF,298.0,0.42
BaMnSbF,298.0,0.56
Ca0.85CuO2 rt,298.0,0.5
Ca0.85CuO2 rt,298.0,0.1
CdSnSb2 hyp,298.0,-0.8
Na0.55TiS2 hex,298.0,0.49
Na0.55TiS2 hex,298.0,1.09
ZnEr0.001Al2S4,10.0,4.037
ZnEr0.001Al2S4,10.0,3.724
SnGe,0.0,0.0
HgPo hyp hyp,298.0,-1.89
Rb3Sb ht,298.0,0.4
Ag0.25Zn0.49Co0.01Ga0.25Se cub,298.0,1.567
Ag0.25Zn0.49Co0.01Ga0.25Se hex,298.0,1.567
Al0.24Ga0.76Sb0.76As0.24,300.0,1.057
Al0.24Ga0.76Sb0.76As0.24,298.0,2.1
Al0.24Ga0.76Sb0.76As0.24,298.0,2.1
Al0.24Ga0.76Sb0.76As0.24,298.0,1.33
Al0.24Ga0.76Sb0.76As0.24,298.0,1.33
Al0.59Ga0.41As0.41N0.59,298.0,4.81
Al0.59Ga0.41As0.41N0.59,298.0,4.81
Al0.37In0.63P,298.0,2.55
Al0.37In0.63P,298.0,2.55
Al0.53In0.47As0.53P0.47,298.0,2.18
Al0.53In0.47As0.53P0.47,298.0,2.18
Al0.72In0.28Sb0.72As0.28,298.0,1.95
Al0.72In0.28Sb0.72As0.28,298.0,1.95
Al0.72In0.28Sb0.72As0.28,298.0,1.64
Al0.72In0.28Sb0.72As0.28,298.0,1.64
Al0.71In0.29P0.29N0.71,298.0,5.87
Al0.71In0.29P0.29N0.71,298.0,5.87
Ga0.5In0.5P tet,298.0,1.27
Ga0.5In0.5P tet,298.0,1.61
Ga0.5In0.5P rhom,298.0,1.1
Ga0.68In0.32PNx,77.0,2.23
MgZn3Se4,298.0,1.427
MgZn3Se4,298.0,2.06
MgZnSe2,298.0,1.71
MgZnSe2,298.0,2.512
BeZn3S4,298.0,2.58
BeZn3S4,298.0,3.47
Be2Zn2Te4,298.0,2.02
Be2Zn2Te4,298.0,2.6
Be2Zn2S4,298.0,3.22
Be2Zn2S4,298.0,4.2
BeZn3Se4,298.0,1.64
BeZn3Se4,298.0,2.42
BeZn3Te4,298.0,1.49
BeZn3Te4,298.0,2.05
RbGaSi16,298.0,0.73
GaBiO3 cub,298.0,2.0
GaBiO3 cub,298.0,1.34
GaBiO3 cub,298.0,1.41
ScBiO3 cub,298.0,1.16
ScBiO3 cub,298.0,0.83
AlBiO3 cub,298.0,2.07
AlBiO3 cub,298.0,1.57
AlBiO3 cub,298.0,1.7
Cu2.99Ti0.01N,298.0,1.38
YSiNO2 hex,298.0,4.35
Xe4Si23,298.0,1.65
Xe3Si17,298.0,1.95
ScN cub2 cub2,298.0,5.8
ScN cub2 cub2,298.0,4.7
Si3N4 hp-ht,298.0,2.99
Os2Si3 ht,298.0,0.73
Ge3N4 hp-ht hp-ht,298.0,1.55
Si3N4 beta,298.0,4.29
LiH rt,0.0,9.15
LiH rt,0.0,9.0
LiH rt,0.0,2.5
LiH rt,298.0,4.94
LiH rt,298.0,4.52
LiH rt,298.0,2.53
LiH rt,298.0,2.14
NaAsS2 orth,298.0,2.23
KLa0.98Eu0.02P4O12,298.0,4.36
Ca5Bi14O26,298.0,2.6
GeSe2 ht-hp,,1.382
GeSe2 ht-hp,,1.62
CuIn3Te5 rt,300.0,0.985
CsBiS2 rhom,298.0,1.11
C3N4 m1,0.0,2.1
C3N4 m1,0.0,3.56
C3N4 m1,0.0,3.43
C3N4 m1,0.0,3.2
C3N4 m1,0.0,14.84
C3N4 m1,0.0,13.75
Tl4Ga3InSe8,298.0,2.2
Tl4Ga3InSe8,298.0,1.94
Tl4Ga3InSe8,0.0,2.03
Tl2In2Se3S,291.0,2.18
Tl2In2Se3S,298.0,2.08
Ba2Cu3YO6 ht,298.0,1.2
HTi6FeO14,298.0,0.47
Tl4Zr1.03Te4,298.0,0.3
AlGaAs4,298.0,1.95
LiSr2H3,298.0,3.54
Zn0.85Sb0.1O,298.0,3.19
Cd4SnSe6,298.0,1.68
Cd4CoxSnSe6,298.0,1.5
LiMgP,298.0,2.54
LiMgP,298.0,1.38
Cu0.05WO3,298.0,2.46
Tl2Ga2SeS3,300.0,2.38
Cd3GaInS6,298.0,3.04
Cd3Pb2[SeO3]4I2[H2O],298.0,3.11
CuGa3Te5 rt,300.0,1.098
